store_id,state_abb,state_name,nj,chain_name,market,company_owned,affected_pct,period,post,nj_after,min_wage,fte_employment,starting_wage,hours_open,soda_price,fries_price,entree_price,registers,registers_11am
1,NJ,New Jersey,1,Burger King,Central NJ,0,0.8,Before,0,0,4.25,35,4.5,16,0.93,0.83,0.85,4,3
1,NJ,New Jersey,1,Burger King,Central NJ,0,0.8,After,1,1,5.05,44,5.05,16,1.05,0.79,0.9,4,3
2,NJ,New Jersey,1,Burger King,Central NJ,0,0.8,Before,0,0,4.25,16,4.75,14,1.06,0.91,0.96,2,2
2,NJ,New Jersey,1,Burger King,Central NJ,0,0.8,After,1,1,5.05,15.5,5.25,15,1.05,1.01,0.94,2,2
3,NJ,New Jersey,1,KFC,Central NJ,0,0.5,Before,0,0,4.25,15.5,4.25,10,1.06,0.95,3.09,5,3
3,NJ,New Jersey,1,KFC,Central NJ,0,0.5,After,1,1,5.05,10.5,5.05,11,1.05,0.94,2.75,5,3
4,NJ,New Jersey,1,Roy Rogers,Central NJ,0,0.5,Before,0,0,4.25,19,4.75,12.5,1.06,1,2.13,8,4
4,NJ,New Jersey,1,Roy Rogers,Central NJ,0,0.5,After,1,1,5.05,24,5.05,13.5,1.22,1.37,0.89,6,4
5,NJ,New Jersey,1,Roy Rogers,Central NJ,0,,Before,0,0,4.25,24,4.5,17,0.95,,2.13,5,4
5,NJ,New Jersey,1,Roy Rogers,Central NJ,0,,After,1,1,5.05,29,5.15,17,1.05,0.94,0.94,5,5
6,NJ,New Jersey,1,Roy Rogers,Central NJ,1,1,Before,0,0,4.25,5,5,7,1.2,1.17,2.35,4,2
6,NJ,New Jersey,1,Roy Rogers,Central NJ,1,1,After,1,1,5.05,8,5.05,8,1.11,1.01,2.23,4,2
9,NJ,New Jersey,1,Burger King,Central NJ,0,0.35,Before,0,0,4.25,36,4.37,16,1.04,0.67,0.85,4,4
9,NJ,New Jersey,1,Burger King,Central NJ,0,0.35,After,1,1,5.05,20,5.05,16,1.11,0.92,1.01,4,3
10,NJ,New Jersey,1,Burger King,Central NJ,0,0.8,Before,0,0,4.25,29,4.25,16,1.04,0.85,0.85,3,3
10,NJ,New Jersey,1,Burger King,Central NJ,0,0.8,After,1,1,5.05,26.5,5.05,16,0.94,0.87,0.94,3,2
11,NJ,New Jersey,1,Burger King,Central NJ,0,0.8,Before,0,0,4.25,29,4.25,16,1.09,0.89,0.91,3,3
11,NJ,New Jersey,1,Burger King,Central NJ,0,0.8,After,1,1,5.05,27,5.05,16,1.05,0.87,0.94,3,2
12,NJ,New Jersey,1,Burger King,Central NJ,0,1,Before,0,0,4.25,21.25,4.37,16,1.05,0.79,0.91,3,3
12,NJ,New Jersey,1,Burger King,Central NJ,0,1,After,1,1,5.05,26.5,5.05,16,1.01,0.92,0.94,3,2
13,NJ,New Jersey,1,KFC,Central NJ,0,1,Before,0,0,4.25,15.5,4.5,10,1.06,0.95,2.66,5,4
13,NJ,New Jersey,1,KFC,Central NJ,0,1,After,1,1,5.05,10.5,5,11,1.01,0.94,2.75,4,3
14,NJ,New Jersey,1,KFC,Central NJ,0,0,Before,0,0,4.25,16,5.12,11,1.06,0.85,2.49,6,5
14,NJ,New Jersey,1,KFC,Central NJ,0,0,After,1,1,5.05,15.5,5.05,11,1.05,0.94,2.6,6,3
15,NJ,New Jersey,1,Roy Rogers,Central NJ,0,0.95,Before,0,0,4.25,19.5,4.6,17,1.02,0.98,0.95,5,4
15,NJ,New Jersey,1,Roy Rogers,Central NJ,0,0.95,After,1,1,5.05,18,5.05,17,1.05,1.01,2,3,3
16,NJ,New Jersey,1,Roy Rogers,Central NJ,0,0.5,Before,0,0,4.25,21,4.5,17,1,1,,5,5
16,NJ,New Jersey,1,Roy Rogers,Central NJ,0,0.5,After,1,1,5.05,18.5,5.05,17,1.05,1.01,0.94,5,5
17,NJ,New Jersey,1,Roy Rogers,Central NJ,0,0.6,Before,0,0,4.25,14,4.37,17,1.06,1,2.02,6,5
17,NJ,New Jersey,1,Roy Rogers,Central NJ,0,0.6,After,1,1,5.05,25.5,5.05,17,1.05,0.94,0.95,6,5
18,NJ,New Jersey,1,Roy Rogers,Central NJ,0,0.5,Before,0,0,4.25,30.5,4.25,17,,,,4,4
18,NJ,New Jersey,1,Roy Rogers,Central NJ,0,0.5,After,1,1,5.05,32,5.05,17,1.05,1,0.63,7,7
19,NJ,New Jersey,1,Burger King,Southern NJ,0,0.5,Before,0,0,4.25,23.5,4.25,16,1.05,0.91,0.93,3,3
19,NJ,New Jersey,1,Burger King,Southern NJ,0,0.5,After,1,1,5.05,33,5.05,16,1.04,0.93,0.95,2,2
21,NJ,New Jersey,1,KFC,Southern NJ,0,0.9,Before,0,0,4.25,14,4.45,10.5,1.06,0.8,2.13,3,3
21,NJ,New Jersey,1,KFC,Southern NJ,0,0.9,After,1,1,5.05,7.5,5.05,10,0.94,0.94,2.43,3,3
22,NJ,New Jersey,1,Roy Rogers,Southern NJ,0,0.9,Before,0,0,4.25,14.5,4.35,16,1.06,0.84,0.95,4,1
22,NJ,New Jersey,1,Roy Rogers,Southern NJ,0,0.9,After,1,1,5.05,12.5,5.05,15,1.05,1.05,0.94,4,4
23,NJ,New Jersey,1,Burger King,Northern NJ,0,0.75,Before,0,0,4.25,15.5,4.5,16,1.06,0.95,0.95,3,2
23,NJ,New Jersey,1,Burger King,Northern NJ,0,0.75,After,1,1,5.05,24,5.05,16.5,1.05,0.94,0.94,3,2
24,NJ,New Jersey,1,Burger King,Central NJ,0,0.4,Before,0,0,4.25,26.5,4.75,16,1.06,0.95,1.01,4,3
24,NJ,New Jersey,1,Burger King,Central NJ,0,0.4,After,1,1,5.05,29,5.05,,1.05,0.94,1,4,3
26,NJ,New Jersey,1,Burger King,Northern NJ,0,,Before,0,0,4.25,41.5,5.56,16,1.06,0.91,0.98,4,2
26,NJ,New Jersey,1,Burger King,Northern NJ,0,,After,1,1,5.05,24,5.05,16,1.01,0.94,0.94,5,4
27,NJ,New Jersey,1,KFC,Central NJ,1,0,Before,0,0,4.25,13,5,10,1.06,0.85,2.34,4,3
27,NJ,New Jersey,1,KFC,Central NJ,1,0,After,1,1,5.05,7.5,5.05,10,1.05,0.84,2.53,4,3
28,NJ,New Jersey,1,KFC,Northern NJ,0,0.1,Before,0,0,4.25,8,4.5,10,1.06,1.17,2.56,2,1
28,NJ,New Jersey,1,KFC,Northern NJ,0,0.1,After,1,1,5.05,10,,10,,1.05,2.64,3,2
29,NJ,New Jersey,1,KFC,Northern NJ,0,,Before,0,0,4.25,5.5,4.5,11,1.06,1.01,2.56,3,2
29,NJ,New Jersey,1,KFC,Northern NJ,0,,After,1,1,5.05,9.5,5.05,11,1.05,1.05,2.64,3,3
30,NJ,New Jersey,1,KFC,Northern NJ,0,0,Before,0,0,4.25,10,5,10,1.06,1.06,2.53,2,2
30,NJ,New Jersey,1,KFC,Northern NJ,0,0,After,1,1,5.05,7.5,5.05,10,0.94,0.92,2.69,2,2
31,NJ,New Jersey,1,KFC,Central NJ,0,0,Before,0,0,4.25,15,5.25,11,1.03,1.06,2.56,4,3
31,NJ,New Jersey,1,KFC,Central NJ,0,0,After,1,1,5.05,18.5,5.05,12.5,1,1.05,2.64,4,4
32,NJ,New Jersey,1,Roy Rogers,Northern NJ,0,0.4,Before,0,0,4.25,23.25,4.5,11.5,1.12,1.02,1.06,4,3
32,NJ,New Jersey,1,Roy Rogers,Northern NJ,0,0.4,After,1,1,5.05,17.5,5.05,11.5,1.22,1.11,2.28,4,4
33,NJ,New Jersey,1,Roy Rogers,Northern NJ,0,0.07,Before,0,0,4.25,26,5,17,1.02,1.07,0.95,5,4
33,NJ,New Jersey,1,Roy Rogers,Northern NJ,0,0.07,After,1,1,5.05,16.5,5.05,17,1.11,1.06,1.05,4,2
34,NJ,New Jersey,1,Roy Rogers,Northern NJ,1,0.75,Before,0,0,4.25,15.5,4.95,11.5,1.12,1.02,1.06,5,3
34,NJ,New Jersey,1,Roy Rogers,Northern NJ,1,0.75,After,1,1,5.05,17.5,5.05,11.5,1.22,1.11,0.73,5,2
35,NJ,New Jersey,1,Wendy's,Northern NJ,0,,Before,0,0,4.25,32.25,4.5,11.5,0.96,0.95,2.13,2,2
35,NJ,New Jersey,1,Wendy's,Northern NJ,0,,After,1,1,5.05,25,5.05,11.5,1.03,,,2,2
36,NJ,New Jersey,1,Wendy's,Central NJ,0,0,Before,0,0,4.25,18,5.5,13,1.02,0.91,2.57,2,2
36,NJ,New Jersey,1,Wendy's,Central NJ,0,0,After,1,1,5.05,33.5,5.05,12.5,0.95,0.89,1.19,2,2
37,PA,Pennsylvania,0,Burger King,PA: Philadelphia suburbs,0,0.33,Before,0,0,4.25,32.5,4.25,16.5,0.98,0.84,0.84,5,3
37,PA,Pennsylvania,0,Burger King,PA: Philadelphia suburbs,0,0.33,After,1,0,4.25,25.5,4.25,16.5,0.98,0.84,0.86,6,3
38,NJ,New Jersey,1,Burger King,Central NJ,0,1,Before,0,0,4.25,30,4.25,17,1.05,0.95,0.98,3,2
38,NJ,New Jersey,1,Burger King,Central NJ,0,1,After,1,1,5.05,26,5.05,17.5,0.98,0.82,0.76,3,2
39,PA,Pennsylvania,0,Burger King,PA: Philadelphia suburbs,0,1,Before,0,0,4.25,19,4.25,17.5,1.03,0.73,0.52,4,2
39,PA,Pennsylvania,0,Burger King,PA: Philadelphia suburbs,0,1,After,1,0,4.25,15.5,,16.5,1.05,,0.63,4,2
40,PA,Pennsylvania,0,Burger King,PA: Philadelphia suburbs,0,1,Before,0,0,4.25,27,4.25,16.5,0.98,0.82,0.8,3,3
40,PA,Pennsylvania,0,Burger King,PA: Philadelphia suburbs,0,1,After,1,0,4.25,25.5,4.25,17.5,0.98,0.82,0.87,3,2
41,PA,Pennsylvania,0,Burger King,PA: Philadelphia suburbs,0,1,Before,0,0,4.25,19.5,4.25,16.5,0.98,0.82,0.85,3,3
41,PA,Pennsylvania,0,Burger King,PA: Philadelphia suburbs,0,1,After,1,0,4.25,27,4.25,17.5,0.94,0.78,0.91,3,2
42,PA,Pennsylvania,0,Burger King,PA: Philadelphia suburbs,0,1,Before,0,0,4.25,24,4.5,16.5,0.98,0.83,0.86,3,3
42,PA,Pennsylvania,0,Burger King,PA: Philadelphia suburbs,0,1,After,1,0,4.25,16,4.25,16.5,0.94,,,3,2
45,PA,Pennsylvania,0,Burger King,PA: Philadelphia suburbs,0,0.25,Before,0,0,4.25,18,4.25,16,0.98,0.83,0.86,3,3
45,PA,Pennsylvania,0,Burger King,PA: Philadelphia suburbs,0,0.25,After,1,0,4.25,19,4.25,17.5,0.98,0.75,0.86,3,3
46,PA,Pennsylvania,0,Burger King,PA: Philadelphia suburbs,0,,Before,0,0,4.25,40.5,,16.5,1.03,1.03,0.52,3,3
46,PA,Pennsylvania,0,Burger King,PA: Philadelphia suburbs,0,,After,1,0,4.25,24,4.3,16.5,1.03,,0.94,4,4
48,PA,Pennsylvania,0,Burger King,PA: Philadelphia suburbs,0,0.31,Before,0,0,4.25,19,4.25,14,1.01,0.84,0.63,4,3
48,PA,Pennsylvania,0,Burger King,PA: Philadelphia suburbs,0,0.31,After,1,0,4.25,25,4.38,14,0.98,0.79,0.87,4,3
49,PA,Pennsylvania,0,KFC,PA: Philadelphia suburbs,0,,Before,0,0,4.25,13.75,,13,1.01,0.9,2.35,4,3
49,PA,Pennsylvania,0,KFC,PA: Philadelphia suburbs,0,,After,1,0,4.25,11.5,4.45,13,1.01,0.89,2.35,4,4
50,PA,Pennsylvania,0,KFC,PA: Philadelphia suburbs,0,0.2,Before,0,0,4.25,14,4.5,12,1.01,0.89,3.5,4,3
50,PA,Pennsylvania,0,KFC,PA: Philadelphia suburbs,0,0.2,After,1,0,4.25,17,4.75,13,1.01,0.89,2.35,4,3
51,PA,Pennsylvania,0,KFC,PA: Philadelphia suburbs,0,1,Before,0,0,4.25,10.5,4.25,13,1.01,0.89,2.35,4,3
51,PA,Pennsylvania,0,KFC,PA: Philadelphia suburbs,0,1,After,1,0,4.25,16.5,4.25,13,1,0.89,2.35,5,3
56,PA,Pennsylvania,0,Wendy's,PA: Philadelphia suburbs,1,0,Before,0,0,4.25,34,5,12,0.87,0.82,1.79,2,2
56,PA,Pennsylvania,0,Wendy's,PA: Philadelphia suburbs,1,0,After,1,0,4.25,20,5.25,12,0.92,0.79,0.87,2,2
57,PA,Pennsylvania,0,Wendy's,PA: Philadelphia suburbs,1,0.7,Before,0,0,4.25,38,4.67,12,0.87,0.79,0.9,2,2
57,PA,Pennsylvania,0,Wendy's,PA: Philadelphia suburbs,1,0.7,After,1,0,4.25,20,4.5,12,1.01,0.78,0.9,2,2
58,PA,Pennsylvania,0,Wendy's,PA: Philadelphia suburbs,1,0.8,Before,0,0,4.25,23.5,4.75,12,0.87,0.77,1.01,2,2
58,PA,Pennsylvania,0,Wendy's,PA: Philadelphia suburbs,1,0.8,After,1,0,4.25,18,4.5,12,1.04,0.84,0.94,2,2
59,PA,Pennsylvania,0,Wendy's,PA: Philadelphia suburbs,0,0.9,Before,0,0,4.25,10.5,4.25,10.5,0.91,0.89,0.81,2,2
59,PA,Pennsylvania,0,Wendy's,PA: Philadelphia suburbs,0,0.9,After,1,0,4.25,12,4.25,10.5,1.01,0.84,0.86,2,2
60,PA,Pennsylvania,0,Wendy's,PA: Philadelphia suburbs,0,0.75,Before,0,0,4.25,25,4.25,11.5,0.94,0.74,0.86,2,2
60,PA,Pennsylvania,0,Wendy's,PA: Philadelphia suburbs,0,0.75,After,1,0,4.25,25,4.25,12,0.98,0.84,0.86,2,2
61,PA,Pennsylvania,0,Wendy's,PA: Philadelphia suburbs,1,0,Before,0,0,4.25,24,5.5,12,0.87,0.77,1.65,2,2
61,PA,Pennsylvania,0,Wendy's,PA: Philadelphia suburbs,1,0,After,1,0,4.25,35.5,4.75,12,1.01,0.84,0.95,2,2
64,NJ,New Jersey,1,Burger King,Northern NJ,0,0.6,Before,0,0,4.25,30.5,4.5,16,1.06,0.95,0.95,3,2
64,NJ,New Jersey,1,Burger King,Northern NJ,0,0.6,After,1,1,5.05,22.5,5.05,16,1.05,0.95,0.95,3,3
66,NJ,New Jersey,1,Burger King,Northern NJ,0,0.2,Before,0,0,4.25,27,4.25,17,1.06,0.95,0.95,3,2
66,NJ,New Jersey,1,Burger King,Northern NJ,0,0.2,After,1,1,5.05,35,5.05,17,1.05,0.95,0.95,3,3
67,NJ,New Jersey,1,Burger King,Northern NJ,0,0.55,Before,0,0,4.25,18.5,4.5,13.5,1.17,1.06,1.17,3,2
67,NJ,New Jersey,1,Burger King,Northern NJ,0,0.55,After,1,1,5.05,17.75,5.05,13.5,1.32,1.05,1.22,3,3
68,NJ,New Jersey,1,Burger King,Northern NJ,0,,Before,0,0,4.25,38,4.25,17,1.07,1.02,1.02,3,3
68,NJ,New Jersey,1,Burger King,Northern NJ,0,,After,1,1,5.05,24.5,5.05,17,1.05,0.95,0.95,3,1
69,NJ,New Jersey,1,Burger King,Northern NJ,0,1,Before,0,0,4.25,16.5,4.25,18,1.17,0.95,0.95,4,2
69,NJ,New Jersey,1,Burger King,Northern NJ,0,1,After,1,1,5.05,16.5,5.05,18,1.26,1.01,1,4,2
70,NJ,New Jersey,1,Burger King,Northern NJ,0,0.5,Before,0,0,4.25,50,4.5,16,1.06,0.95,1.02,3,3
70,NJ,New Jersey,1,Burger King,Northern NJ,0,0.5,After,1,1,5.05,30,5.05,16,1.05,0.95,1.01,3,3
71,NJ,New Jersey,1,Burger King,Northern NJ,0,1,Before,0,0,4.25,20.5,4.75,17,1.06,0.95,0.95,3,2
71,NJ,New Jersey,1,Burger King,Northern NJ,0,1,After,1,1,5.05,39,5.05,17,1.05,0.95,0.95,3,2
73,NJ,New Jersey,1,KFC,Northern NJ,0,0.4,Before,0,0,4.25,6.5,4.25,12,1.06,1.06,2.45,3,2
73,NJ,New Jersey,1,KFC,Northern NJ,0,0.4,After,1,1,5.05,17,5.05,11,1.05,1.05,2.43,3,
75,NJ,New Jersey,1,KFC,Northern NJ,0,0,Before,0,0,4.25,13.5,4.25,11,1.17,1.27,2.77,3,3
75,NJ,New Jersey,1,KFC,Northern NJ,0,0,After,1,1,5.05,12.5,5.05,11,1.16,1.16,2.75,3,3
76,NJ,New Jersey,1,Roy Rogers,Northern NJ,1,0.5,Before,0,0,4.25,28,4.25,17,1.12,1.02,1.02,6,3
76,NJ,New Jersey,1,Roy Rogers,Northern NJ,1,0.5,After,1,1,5.05,38.5,5.05,16.5,1.11,1.06,1.05,6,3
77,NJ,New Jersey,1,Roy Rogers,Northern NJ,0,1,Before,0,0,4.25,35,5,19,1.18,1.07,1.17,6,5
77,NJ,New Jersey,1,Roy Rogers,Northern NJ,0,1,After,1,1,5.05,37,5.05,19,1.06,1.06,1.05,6,2
78,NJ,New Jersey,1,Roy Rogers,Northern NJ,1,0,Before,0,0,4.25,21,5,17,1.12,1.02,1.02,4,2
78,NJ,New Jersey,1,Roy Rogers,Northern NJ,1,0,After,1,1,5.05,18,5.05,16,1.11,1.01,1.05,5,3
79,NJ,New Jersey,1,Roy Rogers,Northern NJ,1,0.3,Before,0,0,4.25,21.5,4.5,17,1.17,1.02,1.06,5,4
79,NJ,New Jersey,1,Roy Rogers,Northern NJ,1,0.3,After,1,1,5.05,20,5.05,16,1.11,1.06,1.05,5,4
81,NJ,New Jersey,1,Wendy's,Northern NJ,0,0.95,Before,0,0,4.25,34.5,5,12,1.06,0.98,1.06,2,2
81,NJ,New Jersey,1,Wendy's,Northern NJ,0,0.95,After,1,1,5.05,26.5,5.05,11.5,1.11,0.98,2.07,2,1
82,NJ,New Jersey,1,Wendy's,Northern NJ,0,0,Before,0,0,4.25,18.25,5,13.5,1.06,1.03,1.06,2,2
82,NJ,New Jersey,1,Wendy's,Northern NJ,0,0,After,1,1,5.05,33,5.05,13.5,1.11,0.98,1.05,2,2
84,NJ,New Jersey,1,Burger King,Central NJ,0,0.5,Before,0,0,4.25,24,4.5,16,1.04,0.85,0.91,4,2
84,NJ,New Jersey,1,Burger King,Central NJ,0,0.5,After,1,1,5.05,32,5.05,16,1.05,0.9,0.94,3,3
85,NJ,New Jersey,1,Burger King,Central NJ,0,0.01,Before,0,0,4.25,20,5.5,12.5,1.12,1.02,1.02,5,4
85,NJ,New Jersey,1,Burger King,Central NJ,0,0.01,After,1,1,5.05,20.5,5.05,12.5,1.11,1.01,1.05,5,1
86,NJ,New Jersey,1,Burger King,Central NJ,0,,Before,0,0,4.25,20.5,4.25,15,1.06,0.94,1.1,3,3
86,NJ,New Jersey,1,Burger King,Central NJ,0,,After,1,1,5.05,19,5.05,15,1.05,1.05,1.04,3,3
88,NJ,New Jersey,1,Burger King,Southern NJ,0,0.75,Before,0,0,4.25,23.5,4.25,15,1.06,0.87,0.91,5,5
88,NJ,New Jersey,1,Burger King,Southern NJ,0,0.75,After,1,1,5.05,26.5,5.05,15,1.05,0.87,0.94,5,2
89,NJ,New Jersey,1,Burger King,Central NJ,1,0,Before,0,0,4.25,16,5,16,1.09,0.95,1.04,3,2
89,NJ,New Jersey,1,Burger King,Central NJ,1,0,After,1,1,5.05,24.5,5.5,16,1.11,1.01,1.05,3,3
91,NJ,New Jersey,1,Burger King,Central NJ,1,1,Before,0,0,4.25,23,4.25,17,1.09,0.93,1.04,3,3
91,NJ,New Jersey,1,Burger King,Central NJ,1,1,After,1,1,5.05,19,5.05,17,1.11,1.05,1.05,3,3
92,NJ,New Jersey,1,Burger King,Central NJ,1,1,Before,0,0,4.25,17,4.25,15,1.09,0.95,1.03,3,3
92,NJ,New Jersey,1,Burger King,Central NJ,1,1,After,1,1,5.05,20,5.05,15,1.11,1.01,1.05,3,3
93,NJ,New Jersey,1,Burger King,Northern NJ,1,0.9,Before,0,0,4.25,20.5,4.25,16,,,0.96,,
93,NJ,New Jersey,1,Burger King,Northern NJ,1,0.9,After,1,1,5.05,22.5,5.05,16,1.11,1.05,1.05,4,3
94,NJ,New Jersey,1,KFC,Central NJ,0,0,Before,0,0,4.25,17.5,5,10,1.06,0.8,2.56,,
94,NJ,New Jersey,1,KFC,Central NJ,0,0,After,1,1,5.05,16,5.05,10,1.05,0.79,2.53,3,
95,NJ,New Jersey,1,KFC,Central NJ,0,0.4,Before,0,0,4.25,23.5,4.25,10,1.06,0.8,2.56,4,3
95,NJ,New Jersey,1,KFC,Central NJ,0,0.4,After,1,1,5.05,10,5.05,10,1.05,0.75,2.53,3,3
96,NJ,New Jersey,1,KFC,Northern NJ,0,0.8,Before,0,0,4.25,9.5,4.25,10,1.06,1.01,2.66,3,2
96,NJ,New Jersey,1,KFC,Northern NJ,0,0.8,After,1,1,5.05,12.5,5.05,10.5,1.05,0.94,2.59,4,0
97,NJ,New Jersey,1,KFC,Central NJ,0,0.58,Before,0,0,4.25,10,4.25,10,1.02,0.75,2.56,3,2
97,NJ,New Jersey,1,KFC,Central NJ,0,0.58,After,1,1,5.05,11,5.05,10,1.05,0.8,2.54,3,2
98,NJ,New Jersey,1,KFC,Central NJ,0,0.8,Before,0,0,4.25,14,4.25,10,1.06,0.8,2.56,3,3
98,NJ,New Jersey,1,KFC,Central NJ,0,0.8,After,1,1,5.05,12.5,5.05,10,1.05,0.9,2.53,3,3
99,NJ,New Jersey,1,Roy Rogers,Central NJ,1,0.5,Before,0,0,4.25,85,4.75,24,1.23,,2.3,8,6
99,NJ,New Jersey,1,Roy Rogers,Central NJ,1,0.5,After,1,1,5.05,59,5.05,24,1.22,1.17,2.32,5,2
101,NJ,New Jersey,1,Roy Rogers,Central NJ,0,0.8,Before,0,0,4.25,15,4.75,15,1.2,1.18,1.06,6,4
101,NJ,New Jersey,1,Roy Rogers,Central NJ,0,0.8,After,1,1,5.05,19,5.05,15,1.15,1.1,1.05,8,3
102,NJ,New Jersey,1,Roy Rogers,Southern NJ,0,0.15,Before,0,0,4.25,21.5,4.4,16,1.06,0.91,1.07,6,4
102,NJ,New Jersey,1,Roy Rogers,Southern NJ,0,0.15,After,1,1,5.05,15.5,5.05,15,1.07,1.01,1.05,5,5
104,NJ,New Jersey,1,Wendy's,Central NJ,0,0.5,Before,0,0,4.25,53,4.62,11.5,0.95,0.84,0.94,2,2
104,NJ,New Jersey,1,Wendy's,Central NJ,0,0.5,After,1,1,5.05,19,5.05,12.5,1,0.84,0.94,2,2
105,NJ,New Jersey,1,Burger King,Northern NJ,0,0.5,Before,0,0,4.25,24,4.25,16.5,0.96,1,1.03,4,2
105,NJ,New Jersey,1,Burger King,Northern NJ,0,0.5,After,1,1,5.05,26.5,5.05,16.5,1.05,0.99,1.16,4,3
106,NJ,New Jersey,1,Burger King,Northern NJ,0,0.65,Before,0,0,4.25,20.5,4.25,16,1.06,0.95,0.95,2,1
106,NJ,New Jersey,1,Burger King,Northern NJ,0,0.65,After,1,1,5.05,17.5,5.05,16,1.05,0.95,0.95,2,2
107,NJ,New Jersey,1,Burger King,Northern NJ,1,0.4,Before,0,0,4.25,14.5,4.25,14.5,1.17,0.95,0.95,3,3
107,NJ,New Jersey,1,Burger King,Northern NJ,1,0.4,After,1,1,5.05,20.5,5.05,14,,1.01,1,4,2
108,NJ,New Jersey,1,Burger King,Northern NJ,0,0.06,Before,0,0,4.25,25,4.25,17,1.27,1.01,1.06,3,3
108,NJ,New Jersey,1,Burger King,Northern NJ,0,0.06,After,1,1,5.05,28,5.05,17,1.37,1.02,1.05,3,3
111,NJ,New Jersey,1,Roy Rogers,Northern NJ,0,0.55,Before,0,0,4.25,27,4.25,16,1.17,1.06,1.01,5,5
111,NJ,New Jersey,1,Roy Rogers,Northern NJ,0,0.55,After,1,1,5.05,30.25,5.05,16,1.16,1.16,1,5,4
112,NJ,New Jersey,1,Wendy's,Northern NJ,0,0.8,Before,0,0,4.25,20,5,14,1.06,0.98,1.06,2,2
112,NJ,New Jersey,1,Wendy's,Northern NJ,0,0.8,After,1,1,5.05,23.5,5.05,12.5,1.11,1.09,2.07,,
113,NJ,New Jersey,1,Burger King,Central NJ,0,,Before,0,0,4.25,15,,16,1.06,0.95,1,4,
113,NJ,New Jersey,1,Burger King,Central NJ,0,,After,1,1,5.05,27,5.05,16,1.05,0.9,0.98,3,2
114,NJ,New Jersey,1,Burger King,Central NJ,0,0.5,Before,0,0,4.25,22.5,4.75,16,1.07,0.95,0.95,3,
114,NJ,New Jersey,1,Burger King,Central NJ,0,0.5,After,1,1,5.05,44,5.25,16.5,1.11,0.94,0.94,3,3
115,NJ,New Jersey,1,Burger King,Central NJ,0,0.25,Before,0,0,4.25,36.5,4.75,17,1.06,0.95,1.06,4,3
115,NJ,New Jersey,1,Burger King,Central NJ,0,0.25,After,1,1,5.05,17.5,5.05,17,1.05,0.95,1.01,4,4
116,NJ,New Jersey,1,Burger King,Central NJ,0,0.9,Before,0,0,4.25,17.25,4.25,13,1.49,1.02,1.11,7,3
116,NJ,New Jersey,1,Burger King,Central NJ,0,0.9,After,1,1,5.05,31,5.05,13,1.39,0.95,1.21,8,2
118,NJ,New Jersey,1,Burger King,Northern NJ,0,0.7,Before,0,0,4.25,21.5,4.25,15,1.06,0.95,1.01,4,2
118,NJ,New Jersey,1,Burger King,Northern NJ,0,0.7,After,1,1,5.05,31,5.05,15,1.05,0.94,1,4,2
119,NJ,New Jersey,1,Burger King,Northern NJ,0,0.5,Before,0,0,4.25,24.5,4.75,16.5,1.06,0.91,0.95,3,3
119,NJ,New Jersey,1,Burger King,Northern NJ,0,0.5,After,1,1,5.05,28.5,5.05,17.5,1.05,0.89,0.95,3,3
120,NJ,New Jersey,1,Burger King,Central NJ,1,,Before,0,0,4.25,19,4.5,16,1.13,0.98,1.04,3,2
120,NJ,New Jersey,1,Burger King,Central NJ,1,,After,1,1,5.05,19,5.05,16,1.05,1.05,1.05,3,2
122,NJ,New Jersey,1,Burger King,Northern NJ,0,0.7,Before,0,0,4.25,25,4.25,12.5,,1.12,1.12,5,3
122,NJ,New Jersey,1,Burger King,Northern NJ,0,0.7,After,1,1,5.05,41,5.05,12.5,1.15,0.94,1.15,6,4
123,NJ,New Jersey,1,Burger King,Central NJ,0,0.28,Before,0,0,4.25,15,,14.5,1.06,0.95,1.01,2,1
123,NJ,New Jersey,1,Burger King,Central NJ,0,0.28,After,1,1,5.05,21.5,5.05,14,1.05,0.94,1,3,2
124,NJ,New Jersey,1,Burger King,Central NJ,0,0.14,Before,0,0,4.25,16,4.25,15,1.06,0.91,1.04,2,2
124,NJ,New Jersey,1,Burger King,Central NJ,0,0.14,After,1,1,5.05,28,5.05,15,1.16,0.94,1.12,2,2
125,NJ,New Jersey,1,KFC,Central NJ,0,1,Before,0,0,4.25,19,4.5,12.5,0.91,0.85,2.34,3,2
125,NJ,New Jersey,1,KFC,Central NJ,0,1,After,1,1,5.05,9.5,5.05,12,1.01,1.01,2.49,4,3
128,NJ,New Jersey,1,KFC,Central NJ,1,,Before,0,0,4.25,12.25,5,11,1.06,0.85,2.34,4,2
128,NJ,New Jersey,1,KFC,Central NJ,1,,After,1,1,5.05,13,5.05,11,1.05,0.79,2.32,3,2
129,NJ,New Jersey,1,Roy Rogers,Central NJ,0,0,Before,0,0,4.25,33,5.25,16,1.1,1,0.74,6,4
129,NJ,New Jersey,1,Roy Rogers,Central NJ,0,0,After,1,1,5.05,20,5.05,16,1.11,1,0.89,4,3
130,NJ,New Jersey,1,Roy Rogers,Central NJ,1,0.15,Before,0,0,4.25,22.75,4.5,18,1.12,1.07,1,4,3
130,NJ,New Jersey,1,Roy Rogers,Central NJ,1,0.15,After,1,1,5.05,25,5.05,16,1.11,1.06,1.05,5,3
131,NJ,New Jersey,1,Roy Rogers,Central NJ,0,0.1,Before,0,0,4.25,31.5,5.5,17,1.06,1.06,1.06,5,2
131,NJ,New Jersey,1,Roy Rogers,Central NJ,0,0.1,After,1,1,5.05,22,5.05,15,1.05,1.11,1.05,5,4
132,NJ,New Jersey,1,Roy Rogers,Central NJ,1,0.8,Before,0,0,4.25,35,4.5,24,1.28,1.06,2.3,5,3
132,NJ,New Jersey,1,Roy Rogers,Central NJ,1,0.8,After,1,1,5.05,28,5.5,14,,,,2,2
133,NJ,New Jersey,1,Roy Rogers,Central NJ,1,0.99,Before,0,0,4.25,16,4.75,17,1.12,1.07,1.06,4,3
133,NJ,New Jersey,1,Roy Rogers,Central NJ,1,0.99,After,1,1,5.05,16,5.05,15,1.11,1.06,2.11,5,3
134,NJ,New Jersey,1,Roy Rogers,Central NJ,0,0.42,Before,0,0,4.25,21,4.62,16,1.09,,0.95,4,3
134,NJ,New Jersey,1,Roy Rogers,Central NJ,0,0.42,After,1,1,5.05,22.75,5.05,16,1.11,1.06,0.94,4,3
135,NJ,New Jersey,1,Roy Rogers,Central NJ,0,,Before,0,0,4.25,24,,12.5,,,,5,3
135,NJ,New Jersey,1,Roy Rogers,Central NJ,0,,After,1,1,5.05,23,5.05,11.5,1.16,1.06,1.05,5,3
137,NJ,New Jersey,1,Roy Rogers,Northern NJ,1,0.5,Before,0,0,4.25,30.5,4.25,16,1.12,1.06,1.02,6,4
137,NJ,New Jersey,1,Roy Rogers,Northern NJ,1,0.5,After,1,1,5.05,32,5.05,15,1.11,1.11,1.05,5,3
138,NJ,New Jersey,1,Roy Rogers,Northern NJ,1,,Before,0,0,4.25,19.25,,11.5,1.12,1.07,1.06,6,
138,NJ,New Jersey,1,Roy Rogers,Northern NJ,1,,After,1,1,5.05,21.5,5.05,11.5,1.21,1.01,0.94,6,4
140,NJ,New Jersey,1,Wendy's,Central NJ,0,0.25,Before,0,0,4.25,23,4.5,11.5,0.91,0.86,1.06,2,2
140,NJ,New Jersey,1,Wendy's,Central NJ,0,0.25,After,1,1,5.05,27.5,5.67,11.5,1,0.94,1.05,2,2
141,NJ,New Jersey,1,Wendy's,Central NJ,0,,Before,0,0,4.25,21.5,4.75,12.5,1.02,0.91,1.06,2,2
141,NJ,New Jersey,1,Wendy's,Central NJ,0,,After,1,1,5.05,25.5,5.05,12.5,1.05,0.84,1.34,2,2
142,NJ,New Jersey,1,Wendy's,Northern NJ,0,,Before,0,0,4.25,36.5,4.25,11.5,1.06,0.95,1.06,2,2
142,NJ,New Jersey,1,Wendy's,Northern NJ,0,,After,1,1,5.05,60.5,5.05,11.5,1.01,0.89,1.26,2,2
144,NJ,New Jersey,1,Wendy's,Central NJ,0,0,Before,0,0,4.25,28,5.05,12.5,0.91,0.85,1.06,2,2
144,NJ,New Jersey,1,Wendy's,Central NJ,0,0,After,1,1,5.05,25.5,5.05,12.5,0.94,0.94,1.26,2,2
145,NJ,New Jersey,1,Burger King,Northern NJ,0,0,Before,0,0,4.25,16.5,5,16,1.06,0.95,0.95,3,2
145,NJ,New Jersey,1,Burger King,Northern NJ,0,0,After,1,1,5.05,18,5.28,16,1.05,0.96,0.95,3,2
146,NJ,New Jersey,1,Burger King,Northern NJ,0,,Before,0,0,4.25,23,4.8,16,1.06,1,1.06,4,3
146,NJ,New Jersey,1,Burger King,Northern NJ,0,,After,1,1,5.05,20.5,5.05,16,1.05,0.99,1.05,4,3
147,NJ,New Jersey,1,Burger King,Northern NJ,0,1,Before,0,0,4.25,14.75,5.12,14,1.12,0.89,0.95,2,2
147,NJ,New Jersey,1,Burger King,Northern NJ,0,1,After,1,1,5.05,9,5.25,14,1.13,0.91,0.91,2,2
148,NJ,New Jersey,1,Burger King,Northern NJ,0,0,Before,0,0,4.25,23.5,5.25,17,1.06,0.95,0.95,3,2
148,NJ,New Jersey,1,Burger King,Northern NJ,0,0,After,1,1,5.05,26.5,5.05,17,1.05,0.94,0.94,3,3
149,NJ,New Jersey,1,Burger King,Northern NJ,0,0.5,Before,0,0,4.25,14,4.5,16,1.06,0.95,0.95,2,1
149,NJ,New Jersey,1,Burger King,Northern NJ,0,0.5,After,1,1,5.05,16,5.05,16,1.05,0.94,0.94,2,2
150,NJ,New Jersey,1,Burger King,Northern NJ,0,0.02,Before,0,0,4.25,17.25,4.67,16,1.23,0.89,0.89,3,3
150,NJ,New Jersey,1,Burger King,Northern NJ,0,0.02,After,1,1,5.05,25,5.75,15,1.11,0.88,0.88,3,2
151,NJ,New Jersey,1,Burger King,Northern NJ,0,0.92,Before,0,0,4.25,10,5,15,1.09,0.81,1.04,3,3
151,NJ,New Jersey,1,Burger King,Northern NJ,0,0.92,After,1,1,5.05,0,,,,,,,
152,NJ,New Jersey,1,Burger King,Northern NJ,0,0.1,Before,0,0,4.25,46.5,5.12,15,1.17,0.95,1.02,3,2
152,NJ,New Jersey,1,Burger King,Northern NJ,0,0.1,After,1,1,5.05,23.75,5.05,15,1.16,0.94,0.94,3,3
153,NJ,New Jersey,1,Burger King,Northern NJ,0,0.33,Before,0,0,4.25,21.5,,17,1,0.95,0.89,4,3
153,NJ,New Jersey,1,Burger King,Northern NJ,0,0.33,After,1,1,5.05,34.5,5.05,17,1.05,0.95,0.95,3,2
156,NJ,New Jersey,1,Burger King,Northern NJ,0,0,Before,0,0,4.25,18.5,4.87,15,1.06,0.95,1.02,8,3
156,NJ,New Jersey,1,Burger King,Northern NJ,0,0,After,1,1,5.05,13,5.05,15,0.95,0.94,1.01,3,
157,NJ,New Jersey,1,KFC,Northern NJ,0,0,Before,0,0,4.25,15.5,5,12,0.91,0.85,2.34,3,3
157,NJ,New Jersey,1,KFC,Northern NJ,0,0,After,1,1,5.05,18,5.5,11,0.95,0.83,2.47,2,2
158,NJ,New Jersey,1,KFC,Northern NJ,0,0.55,Before,0,0,4.25,8.5,4.5,10,0.92,0.7,2.34,3,3
158,NJ,New Jersey,1,KFC,Northern NJ,0,0.55,After,1,1,5.05,9,5.05,11.5,0.95,0.94,2.49,3,2
159,NJ,New Jersey,1,KFC,Northern NJ,0,0.22,Before,0,0,4.25,14,4.5,10.5,0.98,0.85,2.34,3,3
159,NJ,New Jersey,1,KFC,Northern NJ,0,0.22,After,1,1,5.05,16.5,5.25,11.5,0.95,0.84,2.49,4,3
161,NJ,New Jersey,1,Roy Rogers,Northern NJ,1,0.02,Before,0,0,4.25,24.5,5,17,1.12,1.02,1.06,7,3
161,NJ,New Jersey,1,Roy Rogers,Northern NJ,1,0.02,After,1,1,5.05,36,5.05,17,1.11,1.06,1.05,7,5
162,NJ,New Jersey,1,Roy Rogers,Northern NJ,1,0.45,Before,0,0,4.25,23,4.75,16.5,1.12,1.02,1.06,,1
162,NJ,New Jersey,1,Roy Rogers,Northern NJ,1,0.45,After,1,1,5.05,21,5.05,15.5,1.11,1.01,1.05,6,5
163,NJ,New Jersey,1,Roy Rogers,Northern NJ,1,0.11,Before,0,0,4.25,24,5,16.5,1.2,1.07,1.06,3,3
163,NJ,New Jersey,1,Roy Rogers,Northern NJ,1,0.11,After,1,1,5.05,21,5.05,15,,,,,
164,NJ,New Jersey,1,Roy Rogers,Northern NJ,1,0.03,Before,0,0,4.25,23,5,19,1.12,1.02,1.06,5,3
164,NJ,New Jersey,1,Roy Rogers,Northern NJ,1,0.03,After,1,1,5.05,15.5,5.05,17,1.11,1.06,1.05,5,3
165,NJ,New Jersey,1,Wendy's,Northern NJ,0,0.6,Before,0,0,4.25,28,5,12.5,1.06,0.89,1.06,3,2
165,NJ,New Jersey,1,Wendy's,Northern NJ,0,0.6,After,1,1,5.05,22.5,5.05,12.5,1.05,0.98,1.05,2,2
166,NJ,New Jersey,1,Wendy's,Northern NJ,0,0.4,Before,0,0,4.25,29,4.75,11.5,0.95,0.85,1.06,2,2
166,NJ,New Jersey,1,Wendy's,Northern NJ,0,0.4,After,1,1,5.05,21.5,5.05,12.5,1.11,0.84,1.26,2,2
168,NJ,New Jersey,1,Burger King,Northern NJ,0,0.5,Before,0,0,4.25,19,4.25,15,1.06,0.95,0.95,3,3
168,NJ,New Jersey,1,Burger King,Northern NJ,0,0.5,After,1,1,5.05,20,5.25,16,1.11,0.95,1.14,3,1
169,NJ,New Jersey,1,Burger King,Northern NJ,1,0.5,Before,0,0,4.25,32.5,5,16,1.1,0.94,1.04,3,3
169,NJ,New Jersey,1,Burger King,Northern NJ,1,0.5,After,1,1,5.05,27,5.05,16,1.11,1.05,1.05,3,3
170,NJ,New Jersey,1,Burger King,Northern NJ,1,0,Before,0,0,4.25,23,5,16,1.1,1.02,1.08,3,2
170,NJ,New Jersey,1,Burger King,Northern NJ,1,0,After,1,1,5.05,34,5.05,16,1.29,1.11,1.18,4,4
171,NJ,New Jersey,1,Burger King,Northern NJ,1,,Before,0,0,4.25,21,4.25,16,1.09,0.95,1.04,3,3
171,NJ,New Jersey,1,Burger King,Northern NJ,1,,After,1,1,5.05,21.25,5.05,16,1.18,1.04,1.03,3,3
172,NJ,New Jersey,1,Burger King,Northern NJ,0,0.003,Before,0,0,4.25,17,4.75,12.5,1.12,1.02,1.06,5,4
172,NJ,New Jersey,1,Burger King,Northern NJ,0,0.003,After,1,1,5.05,21.5,5.05,13,1.11,1.01,1.05,6,3
173,NJ,New Jersey,1,Burger King,Northern NJ,0,0.5,Before,0,0,4.25,36,4.85,17.5,1.06,0.95,0.98,4,3
173,NJ,New Jersey,1,Burger King,Northern NJ,0,0.5,After,1,1,5.05,31,5.05,18,1.05,0.94,1.04,4,3
174,NJ,New Jersey,1,Burger King,Northern NJ,0,0.5,Before,0,0,4.25,25,4.75,16,1.18,0.88,0.98,4,3
174,NJ,New Jersey,1,Burger King,Northern NJ,0,0.5,After,1,1,5.05,33,5.05,16,1.05,0.9,0.98,3,3
176,NJ,New Jersey,1,Burger King,Northern NJ,0,0.2,Before,0,0,4.25,29.5,4.62,16,1.06,,1.05,4,4
176,NJ,New Jersey,1,Burger King,Northern NJ,0,0.2,After,1,1,5.05,37.75,5.05,16,1.04,1.06,,,
178,NJ,New Jersey,1,KFC,Northern NJ,1,0.96,Before,0,0,4.25,22,4.25,10,0.91,0.85,2.34,3,2
178,NJ,New Jersey,1,KFC,Northern NJ,1,0.96,After,1,1,5.05,9,5.05,10.5,1.01,0.94,2.64,3,2
179,NJ,New Jersey,1,KFC,Northern NJ,0,0.9,Before,0,0,4.25,11,4.25,10.5,0.91,0.91,2.34,3,3
179,NJ,New Jersey,1,KFC,Northern NJ,0,0.9,After,1,1,5.05,11,5.05,11,0.94,0.84,2.49,3,3
180,NJ,New Jersey,1,KFC,Northern NJ,0,0.3,Before,0,0,4.25,13.5,4.5,11,1.06,1.01,2.66,4,2
180,NJ,New Jersey,1,KFC,Northern NJ,0,0.3,After,1,1,5.05,12.75,5.05,12,1.05,1.05,2.85,4,4
181,NJ,New Jersey,1,KFC,Northern NJ,0,1,Before,0,0,4.25,9.5,,11,0.91,0.79,2.34,3,2
181,NJ,New Jersey,1,KFC,Northern NJ,0,1,After,1,1,5.05,10.5,5.05,11,0.95,0.9,2.49,3,2
182,NJ,New Jersey,1,KFC,Southern NJ,0,1,Before,0,0,4.25,13.5,4.5,11,1.06,1.01,2.66,4,3
182,NJ,New Jersey,1,KFC,Southern NJ,0,1,After,1,1,5.05,10.5,5.05,10,1.05,1,2.73,4,3
183,NJ,New Jersey,1,KFC,Northern NJ,0,1,Before,0,0,4.25,18,4.62,11,1.06,1.01,2.66,4,3
183,NJ,New Jersey,1,KFC,Northern NJ,0,1,After,1,1,5.05,22,5.05,10.5,1.05,1,2.75,4,3
185,NJ,New Jersey,1,KFC,Central NJ,0,1,Before,0,0,4.25,9.5,4.5,10.5,1.06,1.01,2.66,4,4
185,NJ,New Jersey,1,KFC,Central NJ,0,1,After,1,1,5.05,8,5.05,10.5,1.05,1,2.75,3,3
186,NJ,New Jersey,1,Roy Rogers,Northern NJ,0,0.5,Before,0,0,4.25,24,4.75,16,1.12,1.02,0.95,5,3
186,NJ,New Jersey,1,Roy Rogers,Northern NJ,0,0.5,After,1,1,5.05,25,5.05,16,1.17,1.06,0.95,5,3
187,NJ,New Jersey,1,Roy Rogers,Northern NJ,0,0.02,Before,0,0,4.25,17,5.62,15,1.12,1.09,1.06,4,3
187,NJ,New Jersey,1,Roy Rogers,Northern NJ,0,0.02,After,1,1,5.05,16.75,5.05,15,1.11,1.06,1.05,4,4
189,NJ,New Jersey,1,Roy Rogers,Northern NJ,0,0.95,Before,0,0,4.25,14.5,4.75,15,1.12,1.07,1.12,4,2
189,NJ,New Jersey,1,Roy Rogers,Northern NJ,0,0.95,After,1,1,5.05,12.5,5.05,15,1.11,1.06,1.05,5,3
190,NJ,New Jersey,1,Roy Rogers,Northern NJ,1,,Before,0,0,4.25,30,5,16,1.02,1.07,1.06,5,
190,NJ,New Jersey,1,Roy Rogers,Northern NJ,1,,After,1,1,5.05,26,5.05,15,1.05,1.01,1.74,5,3
191,NJ,New Jersey,1,Wendy's,Northern NJ,0,,Before,0,0,4.25,44,,12,1.06,0.95,1.06,,1
191,NJ,New Jersey,1,Wendy's,Northern NJ,0,,After,1,1,5.05,16.5,5.05,12,1.02,0.94,1.05,2,2
192,NJ,New Jersey,1,Wendy's,Northern NJ,0,0.1,Before,0,0,4.25,29,4.87,12,0.91,0.85,1.06,2,2
192,NJ,New Jersey,1,Wendy's,Northern NJ,0,0.1,After,1,1,5.05,22.5,5.25,12.5,1.05,0.84,1.26,2,2
193,NJ,New Jersey,1,Wendy's,Northern NJ,0,,Before,0,0,4.25,10.5,4.5,11,0.95,0.85,0.99,2,1
193,NJ,New Jersey,1,Wendy's,Northern NJ,0,,After,1,1,5.05,11.5,5.05,13,1.01,0.9,1.26,2,1
195,NJ,New Jersey,1,Wendy's,Northern NJ,0,1,Before,0,0,4.25,18,4.25,11.5,1.06,0.85,1.06,2,2
195,NJ,New Jersey,1,Wendy's,Northern NJ,0,1,After,1,1,5.05,23.5,5.05,12.5,0.94,0.84,2.11,2,2
196,NJ,New Jersey,1,Wendy's,Northern NJ,1,,Before,0,0,4.25,21.5,5,11.5,0.95,0.85,1.06,2,2
196,NJ,New Jersey,1,Wendy's,Northern NJ,1,,After,1,1,5.05,18,5.05,12.5,1,0.9,2.11,2,2
197,NJ,New Jersey,1,Burger King,Northern NJ,0,0.5,Before,0,0,4.25,32,5,17,0.99,0.89,0.89,3,2
197,NJ,New Jersey,1,Burger King,Northern NJ,0,0.5,After,1,1,5.05,20.5,5.05,17,1.05,0.95,0.95,3,1
199,NJ,New Jersey,1,KFC,Northern NJ,0,0.25,Before,0,0,4.25,9,4.35,10,0.85,0.8,2.34,4,3
199,NJ,New Jersey,1,KFC,Northern NJ,0,0.25,After,1,1,5.05,16.5,5.05,10.5,0.91,0.9,2.45,4,3
200,NJ,New Jersey,1,Burger King,Northern NJ,0,0.15,Before,0,0,4.25,33,4.25,18,1.06,0.91,0.98,4,3
200,NJ,New Jersey,1,Burger King,Northern NJ,0,0.15,After,1,1,5.05,29,5.05,17.5,1.05,0.94,0.98,5,4
201,NJ,New Jersey,1,Burger King,Northern NJ,0,0.65,Before,0,0,4.25,19.5,4.5,17,1.06,1.02,0.95,3,3
201,NJ,New Jersey,1,Burger King,Northern NJ,0,0.65,After,1,1,5.05,30,5.05,17,1.05,0.95,0.95,3,3
202,NJ,New Jersey,1,Burger King,Northern NJ,0,0.15,Before,0,0,4.25,41,4.25,19,1.17,0.95,0.63,3,3
202,NJ,New Jersey,1,Burger King,Northern NJ,0,0.15,After,1,1,5.05,22.5,5.05,19,1.15,0.95,0.64,3,3
203,NJ,New Jersey,1,Burger King,Northern NJ,0,0.5,Before,0,0,4.25,17,4.25,17,1.06,0.95,0.95,3,3
203,NJ,New Jersey,1,Burger King,Northern NJ,0,0.5,After,1,1,5.05,24,5.05,17,1.05,0.95,0.95,3,2
204,NJ,New Jersey,1,Burger King,Northern NJ,0,0.31,Before,0,0,4.25,18.25,4.25,17.5,1.06,1,1.06,3,3
204,NJ,New Jersey,1,Burger King,Northern NJ,0,0.31,After,1,1,5.05,21.75,5.05,17.5,1.05,0.99,1.05,3,2
207,NJ,New Jersey,1,KFC,Northern NJ,1,0.25,Before,0,0,4.25,17,4.75,12,1.06,0.85,2.34,4,2
207,NJ,New Jersey,1,KFC,Northern NJ,1,0.25,After,1,1,5.05,13.5,5.2,12,1.05,0.84,2.32,5,3
208,NJ,New Jersey,1,Roy Rogers,Northern NJ,1,0.95,Before,0,0,4.25,32,4.62,17,1.19,0.94,0.85,4,4
208,NJ,New Jersey,1,Roy Rogers,Northern NJ,1,0.95,After,1,1,5.05,24,5.05,14,1.06,1.06,1.05,5,5
209,NJ,New Jersey,1,Roy Rogers,Northern NJ,1,0.75,Before,0,0,4.25,26,4.25,18,1.17,0.95,0.95,5,5
209,NJ,New Jersey,1,Roy Rogers,Northern NJ,1,0.75,After,1,1,5.05,28.5,5.05,16,1.11,1.06,1.05,5,5
210,NJ,New Jersey,1,Wendy's,Northern NJ,1,0.9,Before,0,0,4.25,11.5,4.5,11.5,1.06,0.95,0.95,4,2
210,NJ,New Jersey,1,Wendy's,Northern NJ,1,0.9,After,1,1,5.05,10,5.05,11,,,,4,
211,NJ,New Jersey,1,Burger King,Southern NJ,0,0.8,Before,0,0,4.25,21,4.5,15,1.02,0.95,0.95,3,3
211,NJ,New Jersey,1,Burger King,Southern NJ,0,0.8,After,1,1,5.05,23.5,5.05,15,,0.9,,3,2
212,NJ,New Jersey,1,Burger King,Southern NJ,0,0.95,Before,0,0,4.25,22.75,4.5,16,1.06,0.88,0.84,3,2
212,NJ,New Jersey,1,Burger King,Southern NJ,0,0.95,After,1,1,5.05,30.5,5.05,16,1.05,0.94,0.89,2,2
213,NJ,New Jersey,1,Burger King,Southern NJ,1,0.5,Before,0,0,4.25,18.5,4.55,17.5,0.96,0.93,0.93,4,3
213,NJ,New Jersey,1,Burger King,Southern NJ,1,0.5,After,1,1,5.05,24.75,5.05,17.5,1.05,0.94,0.94,4,3
214,NJ,New Jersey,1,Burger King,Southern NJ,0,0.75,Before,0,0,4.25,20,4.62,16,1.02,0.89,0.91,2,2
214,NJ,New Jersey,1,Burger King,Southern NJ,0,0.75,After,1,1,5.05,22.5,5.05,16.25,1.04,0.93,0.96,3,2
215,NJ,New Jersey,1,Burger King,Southern NJ,0,1,Before,0,0,4.25,18,4.5,16,1.06,0.89,0.91,3,3
215,NJ,New Jersey,1,Burger King,Southern NJ,0,1,After,1,1,5.05,28,5.05,16,0.93,0.84,0.93,3,3
216,NJ,New Jersey,1,KFC,Southern NJ,0,1,Before,0,0,4.25,10.5,4.25,10.5,1.06,0.95,2.77,4,3
216,NJ,New Jersey,1,KFC,Southern NJ,0,1,After,1,1,5.05,14,5.05,10.5,1.05,0.94,2.75,5,3
217,NJ,New Jersey,1,KFC,Southern NJ,1,0.73,Before,0,0,4.25,10.5,4.25,10,0.95,0.74,2.19,4,3
217,NJ,New Jersey,1,KFC,Southern NJ,1,0.73,After,1,1,5.05,9,5.05,10.5,0.94,0.73,2.32,4,4
218,NJ,New Jersey,1,KFC,Southern NJ,1,0.05,Before,0,0,4.25,11,4.35,10,0.85,0.74,2.34,3,2
218,NJ,New Jersey,1,KFC,Southern NJ,1,0.05,After,1,1,5.05,9.5,5.05,11,0.95,0.73,2.19,3,3
219,NJ,New Jersey,1,KFC,Southern NJ,1,0.5,Before,0,0,4.25,10.5,4.25,10,0.91,0.74,2.34,4,3
219,NJ,New Jersey,1,KFC,Southern NJ,1,0.5,After,1,1,5.05,15.5,5.05,10.5,0.94,0.73,2.53,,
220,NJ,New Jersey,1,KFC,Southern NJ,0,0.5,Before,0,0,4.25,12.5,4.25,10,1.06,0.95,2.77,5,3
220,NJ,New Jersey,1,KFC,Southern NJ,0,0.5,After,1,1,5.05,12,5.05,10,1.09,0.9,2.75,4,3
221,NJ,New Jersey,1,KFC,Southern NJ,0,0.95,Before,0,0,4.25,18,4.6,11,1.02,0.95,2.56,4,3
221,NJ,New Jersey,1,KFC,Southern NJ,0,0.95,After,1,1,5.05,11.5,5.05,11,1.05,0.94,2.53,4,3
222,NJ,New Jersey,1,Roy Rogers,Southern NJ,1,0.75,Before,0,0,4.25,17,4.25,12.5,1.12,0.85,1.06,3,1
222,NJ,New Jersey,1,Roy Rogers,Southern NJ,1,0.75,After,1,1,5.05,12.5,5.05,11.5,1.01,1.01,0.89,3,1
223,NJ,New Jersey,1,Roy Rogers,Southern NJ,1,0.3,Before,0,0,4.25,15,4.75,16,,,,3,2
223,NJ,New Jersey,1,Roy Rogers,Southern NJ,1,0.3,After,1,1,5.05,16,5.05,15,1.01,1.01,0.94,3,2
225,NJ,New Jersey,1,Roy Rogers,Southern NJ,1,0.25,Before,0,0,4.25,19.5,4.75,17,1.06,0.91,0.91,6,3
225,NJ,New Jersey,1,Roy Rogers,Southern NJ,1,0.25,After,1,1,5.05,28.5,5.05,17,1.01,1.01,0.94,5,3
226,NJ,New Jersey,1,Wendy's,Southern NJ,0,0.6,Before,0,0,4.25,13,4.25,11.5,0.95,0.71,0.95,2,2
226,NJ,New Jersey,1,Wendy's,Southern NJ,0,0.6,After,1,1,5.05,15,5.3,10.5,1,0.85,0.94,2,2
228,NJ,New Jersey,1,Wendy's,Southern NJ,0,0.2,Before,0,0,4.25,20.25,4.5,12.5,0.95,0.86,0.95,2,2
228,NJ,New Jersey,1,Wendy's,Southern NJ,0,0.2,After,1,1,5.05,23.5,5.05,12.5,1,0.84,0.89,2,
229,NJ,New Jersey,1,Burger King,Northern NJ,0,0.3,Before,0,0,4.25,26,4.5,13.5,0.95,0.95,1.06,5,4
229,NJ,New Jersey,1,Burger King,Northern NJ,0,0.3,After,1,1,5.05,30.5,5.5,13.5,1.01,0.94,0.94,4,3
230,NJ,New Jersey,1,Burger King,Northern NJ,0,0.6,Before,0,0,4.25,15.5,4.25,17,1.02,0.95,0.95,3,2
230,NJ,New Jersey,1,Burger King,Northern NJ,0,0.6,After,1,1,5.05,26.5,5.05,17,1.05,0.94,0.94,3,2
232,NJ,New Jersey,1,Burger King,Northern NJ,0,0.46,Before,0,0,4.25,24,4.75,16,1.06,0.95,0.95,3,3
232,NJ,New Jersey,1,Burger King,Northern NJ,0,0.46,After,1,1,5.05,27,5.05,15,1.05,0.95,0.95,3,2
233,NJ,New Jersey,1,Burger King,Northern NJ,0,0.1,Before,0,0,4.25,25.5,4.65,16,1.17,0.95,0.95,2,2
233,NJ,New Jersey,1,Burger King,Northern NJ,0,0.1,After,1,1,5.05,21.5,5.05,16,1.05,0.94,0.94,2,2
234,NJ,New Jersey,1,Burger King,Northern NJ,0,0,Before,0,0,4.25,8,5,16,1.12,,0.49,2,2
234,NJ,New Jersey,1,Burger King,Northern NJ,0,0,After,1,1,5.05,15,5.05,16,1.04,1.01,0.58,3,2
236,NJ,New Jersey,1,Burger King,Northern NJ,0,0.95,Before,0,0,4.25,21,,17,1.18,1.02,1.06,4,3
236,NJ,New Jersey,1,Burger King,Northern NJ,0,0.95,After,1,1,5.05,38,5.05,18,1.1,1.01,0.99,4,3
237,NJ,New Jersey,1,Burger King,Northern NJ,0,0.5,Before,0,0,4.25,21.5,4.25,16,1.11,0.95,1.01,2,2
237,NJ,New Jersey,1,Burger King,Northern NJ,0,0.5,After,1,1,5.05,21.5,5.05,15.5,0.94,0.94,1,2,2
238,NJ,New Jersey,1,KFC,Northern NJ,1,1,Before,0,0,4.25,14,4.75,12,1.06,1.02,2.34,5,3
238,NJ,New Jersey,1,KFC,Northern NJ,1,1,After,1,1,5.05,37.5,5.05,12,1.05,1.05,2.32,5,3
239,NJ,New Jersey,1,KFC,Northern NJ,0,0.35,Before,0,0,4.25,20,4.25,13.5,1.05,0.95,2.74,5,3
239,NJ,New Jersey,1,KFC,Northern NJ,0,0.35,After,1,1,5.05,11.5,5.05,12.5,1.05,0.84,2.32,5,3
240,NJ,New Jersey,1,Roy Rogers,Northern NJ,1,0.2,Before,0,0,4.25,35.5,5.1,17,1.18,1.02,1.06,6,4
240,NJ,New Jersey,1,Roy Rogers,Northern NJ,1,0.2,After,1,1,5.05,25.5,5.05,17,1.1,1,1.05,6,4
242,NJ,New Jersey,1,Roy Rogers,Northern NJ,1,0,Before,0,0,4.25,33,5.25,17,1.1,1.02,1.06,5,4
242,NJ,New Jersey,1,Roy Rogers,Northern NJ,1,0,After,1,1,5.05,20,5.05,16,1.11,1.06,1.05,6,4
243,NJ,New Jersey,1,Roy Rogers,Northern NJ,1,0.4,Before,0,0,4.25,22.5,4.5,16.5,1.07,1.02,0.74,6,3
243,NJ,New Jersey,1,Roy Rogers,Northern NJ,1,0.4,After,1,1,5.05,21,5.05,15.5,1.11,1.06,1.05,6,2
244,NJ,New Jersey,1,Roy Rogers,Northern NJ,1,0.4,Before,0,0,4.25,30,4.25,18,1.17,1.12,1.02,4,3
244,NJ,New Jersey,1,Roy Rogers,Northern NJ,1,0.4,After,1,1,5.05,28,5.05,17,1.11,1.12,1.05,5,3
245,NJ,New Jersey,1,Roy Rogers,Northern NJ,0,0,Before,0,0,4.25,22,5.5,13.5,1.2,1.02,1.02,4,2
245,NJ,New Jersey,1,Roy Rogers,Northern NJ,0,0,After,1,1,5.05,18,5.05,13,1.11,1.11,1.05,5,1
247,NJ,New Jersey,1,Wendy's,Northern NJ,0,0.75,Before,0,0,4.25,24,4.5,15.5,1.06,1.05,1.06,2,2
247,NJ,New Jersey,1,Wendy's,Northern NJ,0,0.75,After,1,1,5.05,24,5.05,15.5,1.11,1.09,2.07,2,2
248,NJ,New Jersey,1,Wendy's,Northern NJ,0,,Before,0,0,4.25,22,4.75,16,1.17,0.95,0.85,2,2
248,NJ,New Jersey,1,Wendy's,Northern NJ,0,,After,1,1,5.05,23,5.05,16,1.37,0.95,2.03,2,1
249,NJ,New Jersey,1,Burger King,Southern NJ,0,0.63,Before,0,0,4.25,13,4.37,15,1.13,1.06,0.95,3,2
249,NJ,New Jersey,1,Burger King,Southern NJ,0,0.63,After,1,1,5.05,19,5.05,15,1.01,1.01,0.94,3,2
250,NJ,New Jersey,1,KFC,Southern NJ,1,1,Before,0,0,4.25,5,4.5,10,0.85,,,4,1
250,NJ,New Jersey,1,KFC,Southern NJ,1,1,After,1,1,5.05,7,5.05,10,0.94,0.84,2.52,5,3
253,NJ,New Jersey,1,Roy Rogers,Southern NJ,1,,Before,0,0,4.25,13.5,4.87,13,1.23,1.06,2.3,2,2
253,NJ,New Jersey,1,Roy Rogers,Southern NJ,1,,After,1,1,5.05,14,5.05,16,1.23,1.11,2.28,3,2
254,NJ,New Jersey,1,Wendy's,Southern NJ,0,,Before,0,0,4.25,28,,16,1.06,0.86,1.06,2,2
254,NJ,New Jersey,1,Wendy's,Southern NJ,0,,After,1,1,5.05,36,5.25,15,1,0.85,1.05,2,2
255,NJ,New Jersey,1,Wendy's,Southern NJ,0,0.1,Before,0,0,4.25,10,,14,1.01,0.79,0.85,2,2
255,NJ,New Jersey,1,Wendy's,Southern NJ,0,0.1,After,1,1,5.05,16,,14,1,0.85,2.11,2,2
258,NJ,New Jersey,1,Burger King,Southern NJ,0,0.38,Before,0,0,4.25,18,4.25,16,1.06,0.92,0.9,3,3
258,NJ,New Jersey,1,Burger King,Southern NJ,0,0.38,After,1,1,5.05,32,5.05,18,1.08,0.94,0.84,3,3
259,NJ,New Jersey,1,Burger King,Southern NJ,0,0.5,Before,0,0,4.25,23,5,14.5,1.02,0.85,0.85,3,3
259,NJ,New Jersey,1,Burger King,Southern NJ,0,0.5,After,1,1,5.05,26.5,5.05,14.5,1.05,,0.84,3,3
260,NJ,New Jersey,1,Burger King,Southern NJ,1,1,Before,0,0,4.25,24,4.25,16,1.06,0.93,0.88,4,2
260,NJ,New Jersey,1,Burger King,Southern NJ,1,1,After,1,1,5.05,22,5.05,16,1.09,0.94,0.93,3,3
262,NJ,New Jersey,1,Burger King,Southern NJ,0,0.78,Before,0,0,4.25,16.5,4.25,16.5,1.06,0.95,1.06,4,4
262,NJ,New Jersey,1,Burger King,Southern NJ,0,0.78,After,1,1,5.05,14.25,5.05,17.5,1.08,1.02,0.87,3,3
264,NJ,New Jersey,1,Burger King,Southern NJ,0,0.6,Before,0,0,4.25,7,4.25,15,1.02,0.88,0.91,2,2
264,NJ,New Jersey,1,Burger King,Southern NJ,0,0.6,After,1,1,5.05,16.5,5.05,16,1.05,1.11,0.94,3,3
265,NJ,New Jersey,1,Burger King,Southern NJ,0,1,Before,0,0,4.25,11,4.25,16,1.02,0.88,0.94,3,3
265,NJ,New Jersey,1,Burger King,Southern NJ,0,1,After,1,1,5.05,0,,,,,,,
267,NJ,New Jersey,1,Burger King,Southern NJ,0,0.8,Before,0,0,4.25,19.5,4.25,16,0.9,0.8,0.8,3,2
267,NJ,New Jersey,1,Burger King,Southern NJ,0,0.8,After,1,1,5.05,47.5,5.05,16,1.05,0.88,0.91,3,2
268,NJ,New Jersey,1,Burger King,Southern NJ,1,0,Before,0,0,4.25,23,5,15,1.02,0.85,0.85,5,4
268,NJ,New Jersey,1,Burger King,Southern NJ,1,0,After,1,1,5.05,23.25,5.05,15,0.94,0.78,0.84,4,4
269,NJ,New Jersey,1,KFC,Southern NJ,1,0.33,Before,0,0,4.25,10,4.45,10,0.95,0.69,1.5,4,3
269,NJ,New Jersey,1,KFC,Southern NJ,1,0.33,After,1,1,5.05,15.5,5.05,11,0.94,0.73,2.32,4,3
271,NJ,New Jersey,1,KFC,Southern NJ,1,0.38,Before,0,0,4.25,8.5,5,11,1.02,0.79,2.34,4,2
271,NJ,New Jersey,1,KFC,Southern NJ,1,0.38,After,1,1,5.05,10.5,5.05,12,0.9,0.73,2.28,4,3
272,NJ,New Jersey,1,KFC,Southern NJ,1,0,Before,0,0,4.25,12.5,5.05,11,0.95,0.74,2.34,4,2
272,NJ,New Jersey,1,KFC,Southern NJ,1,0,After,1,1,5.05,12,5.25,12,0.94,0.73,2.32,4,3
273,NJ,New Jersey,1,KFC,Southern NJ,1,0.95,Before,0,0,4.25,13,4.62,10,0.95,0.74,2.34,4,3
273,NJ,New Jersey,1,KFC,Southern NJ,1,0.95,After,1,1,5.05,10.5,5.05,10,0.95,0.74,2.32,4,3
274,NJ,New Jersey,1,KFC,Southern NJ,1,0.27,Before,0,0,4.25,9.5,5.5,10,0.91,0.74,2.34,4,3
274,NJ,New Jersey,1,KFC,Southern NJ,1,0.27,After,1,1,5.05,9.5,5.05,11,,,2.32,,
275,NJ,New Jersey,1,KFC,Southern NJ,1,0.38,Before,0,0,4.25,10,4.25,11,0.95,0.79,2.34,4,3
275,NJ,New Jersey,1,KFC,Southern NJ,1,0.38,After,1,1,5.05,7,5.05,10.5,0.94,0.73,2.32,4,2
276,NJ,New Jersey,1,KFC,Southern NJ,1,0,Before,0,0,4.25,13,5,10.5,0.95,0.74,2.19,4,3
276,NJ,New Jersey,1,KFC,Southern NJ,1,0,After,1,1,5.05,15.5,5.05,12,0.95,0.73,2.32,5,3
277,NJ,New Jersey,1,KFC,Southern NJ,1,0.1,Before,0,0,4.25,12.5,4.25,10,0.95,0.85,2.34,3,3
277,NJ,New Jersey,1,KFC,Southern NJ,1,0.1,After,1,1,5.05,11,5.05,10,0.94,0.73,2.32,3,3
278,NJ,New Jersey,1,KFC,Southern NJ,1,0.43,Before,0,0,4.25,8,4.25,10,0.95,0.74,2.19,4,3
278,NJ,New Jersey,1,KFC,Southern NJ,1,0.43,After,1,1,5.05,8.5,5.05,11,0.95,0.73,2.32,5,3
282,NJ,New Jersey,1,Roy Rogers,Southern NJ,1,0.25,Before,0,0,4.25,12,4.25,16,1.06,0.91,0.79,4,3
282,NJ,New Jersey,1,Roy Rogers,Southern NJ,1,0.25,After,1,1,5.05,0,,,,,,,
284,NJ,New Jersey,1,Roy Rogers,Southern NJ,1,0.88,Before,0,0,4.25,20.5,4.5,16,1.02,0.91,0.91,5,4
284,NJ,New Jersey,1,Roy Rogers,Southern NJ,1,0.88,After,1,1,5.05,15,5.05,16,1.01,1.01,0.94,4,3
285,NJ,New Jersey,1,Roy Rogers,Southern NJ,1,0.7,Before,0,0,4.25,18.5,4.75,16,1.02,0.91,0.8,4,2
285,NJ,New Jersey,1,Roy Rogers,Southern NJ,1,0.7,After,1,1,5.05,13.5,5.05,16,1.01,1.01,1.01,4,2
286,NJ,New Jersey,1,Roy Rogers,Southern NJ,1,0.66,Before,0,0,4.25,11.5,4.75,11.5,1.12,,0.95,2,1
286,NJ,New Jersey,1,Roy Rogers,Southern NJ,1,0.66,After,1,1,5.05,12.5,5.05,11.5,1.02,1.01,0.94,2,1
287,NJ,New Jersey,1,Roy Rogers,Southern NJ,1,0.7,Before,0,0,4.25,15,4.5,16,1.06,0.91,0.95,5,3
287,NJ,New Jersey,1,Roy Rogers,Southern NJ,1,0.7,After,1,1,5.05,12.5,5.05,16,1.01,1.01,0.94,5,3
288,NJ,New Jersey,1,Roy Rogers,Southern NJ,1,0.15,Before,0,0,4.25,13,4.75,16,1.02,0.95,0.95,6,4
288,NJ,New Jersey,1,Roy Rogers,Southern NJ,1,0.15,After,1,1,5.05,12.5,5.05,16,1.01,1.01,0.89,5,2
289,NJ,New Jersey,1,Roy Rogers,Southern NJ,1,0.5,Before,0,0,4.25,10,4.25,16,1.02,0.95,0.95,5,3
289,NJ,New Jersey,1,Roy Rogers,Southern NJ,1,0.5,After,1,1,5.05,10,5.05,15,1.01,1.01,2,6,3
290,NJ,New Jersey,1,Wendy's,Southern NJ,0,0.35,Before,0,0,4.25,17,4.75,12.5,0.95,0.89,0.95,2,2
290,NJ,New Jersey,1,Wendy's,Southern NJ,0,0.35,After,1,1,5.05,13.5,5.05,11.5,1,0.85,0.94,2,2
291,NJ,New Jersey,1,Wendy's,Southern NJ,0,0.25,Before,0,0,4.25,17,4.55,11.5,0.95,0.86,0.95,2,2
291,NJ,New Jersey,1,Wendy's,Southern NJ,0,0.25,After,1,1,5.05,16,5.1,11.5,1,0.85,0.94,2,2
292,NJ,New Jersey,1,Wendy's,Southern NJ,0,0.02,Before,0,0,4.25,20.5,4.8,16,0.95,0.92,0.95,2,1
292,NJ,New Jersey,1,Wendy's,Southern NJ,0,0.02,After,1,1,5.05,23.5,5.05,16,1,0.84,2.69,2,2
294,NJ,New Jersey,1,Burger King,Northern NJ,0,0.7,Before,0,0,4.25,20.5,,16,1.06,0.95,0.95,3,3
294,NJ,New Jersey,1,Burger King,Northern NJ,0,0.7,After,1,1,5.05,20.5,5.05,16,1.05,0.94,0.94,3,2
296,NJ,New Jersey,1,Burger King,Northern NJ,1,0.5,Before,0,0,4.25,17,5.3,16,1.06,0.95,1.01,3,3
296,NJ,New Jersey,1,Burger King,Northern NJ,1,0.5,After,1,1,5.05,14.5,5.05,16,1.05,0.94,1,3,2
297,NJ,New Jersey,1,Burger King,Northern NJ,1,1,Before,0,0,4.25,19.5,4.25,16,1.06,0.91,0.98,3,3
297,NJ,New Jersey,1,Burger King,Northern NJ,1,1,After,1,1,5.05,34,5.05,16,1.05,0.94,0.98,3,2
299,NJ,New Jersey,1,KFC,Northern NJ,1,0,Before,0,0,4.25,9,5,11.5,1.06,0.85,2.34,3,2
299,NJ,New Jersey,1,KFC,Northern NJ,1,0,After,1,1,5.05,14,5.05,11.5,1.05,0.84,2.32,3,2
301,NJ,New Jersey,1,KFC,Northern NJ,1,0,Before,0,0,4.25,19,5,10.5,1.06,0.85,2.34,3,1
301,NJ,New Jersey,1,KFC,Northern NJ,1,0,After,1,1,5.05,6.5,5.05,10.5,0.94,0.84,2.32,3,2
303,NJ,New Jersey,1,Roy Rogers,Northern NJ,1,0.28,Before,0,0,4.25,30.5,4.35,17,1.12,1,1.02,6,5
303,NJ,New Jersey,1,Roy Rogers,Northern NJ,1,0.28,After,1,1,5.05,32.5,5.05,16,1.05,1.05,1.05,5,3
304,NJ,New Jersey,1,Roy Rogers,Northern NJ,0,0.5,Before,0,0,4.25,23,4.5,17,1.27,1.27,2.24,5,3
304,NJ,New Jersey,1,Roy Rogers,Northern NJ,0,0.5,After,1,1,5.05,21.5,5.05,24,1.4,1.29,1.05,5,5
305,NJ,New Jersey,1,Roy Rogers,Northern NJ,1,,Before,0,0,4.25,13,4.39,17,1.27,1.27,1.06,5,4
305,NJ,New Jersey,1,Roy Rogers,Northern NJ,1,,After,1,1,5.05,20,5.05,18,1.37,1.31,1.05,5,4
306,NJ,New Jersey,1,Roy Rogers,Northern NJ,1,,Before,0,0,4.25,25.5,,17,1.02,,1.06,4,4
306,NJ,New Jersey,1,Roy Rogers,Northern NJ,1,,After,1,1,5.05,19,5.05,18,1.11,1.05,1.05,,2
307,NJ,New Jersey,1,Roy Rogers,Northern NJ,1,0.9,Before,0,0,4.25,30.25,4.25,18,1.19,1.19,1.06,5,5
307,NJ,New Jersey,1,Roy Rogers,Northern NJ,1,0.9,After,1,1,5.05,43.5,5.2,24,1.26,,1.05,5,5
310,NJ,New Jersey,1,Wendy's,Northern NJ,0,0.61,Before,0,0,4.25,18,4.25,11.5,0.91,0.91,1.94,2,1
310,NJ,New Jersey,1,Wendy's,Northern NJ,0,0.61,After,1,1,5.05,17.5,5.05,11.5,0.97,0.9,2.06,2,2
311,NJ,New Jersey,1,Wendy's,Northern NJ,0,0.78,Before,0,0,4.25,19,,11.5,0.91,0.91,1.06,2,2
311,NJ,New Jersey,1,Wendy's,Northern NJ,0,0.78,After,1,1,5.05,53,5.05,11.5,1.01,0.95,1.05,2,2
312,NJ,New Jersey,1,Burger King,Southern NJ,0,1,Before,0,0,4.25,10,4.25,11,1.22,1.06,0.93,3,1
312,NJ,New Jersey,1,Burger King,Southern NJ,0,1,After,1,1,5.05,7,5.05,10,1.26,1.05,1.02,3,1
314,NJ,New Jersey,1,Burger King,Southern NJ,0,0.8,Before,0,0,4.25,17,4.62,15,1.06,0.95,0.91,3,2
314,NJ,New Jersey,1,Burger King,Southern NJ,0,0.8,After,1,1,5.05,22,5.25,16,1.05,0.74,0.94,3,3
315,NJ,New Jersey,1,Burger King,Southern NJ,0,0.65,Before,0,0,4.25,16.5,,16,1,0.85,0.88,3,2
315,NJ,New Jersey,1,Burger King,Southern NJ,0,0.65,After,1,1,5.05,16.5,5.05,16,1.05,0.84,0.87,3,2
316,NJ,New Jersey,1,Burger King,Southern NJ,1,0.1,Before,0,0,4.25,25.5,4.62,16,1.06,0.92,0.87,3,2
316,NJ,New Jersey,1,Burger King,Southern NJ,1,0.1,After,1,1,5.05,22,5.05,16,1.05,0.94,0.94,,
317,NJ,New Jersey,1,Burger King,Southern NJ,0,1,Before,0,0,4.25,6,4.25,12,1.22,0.93,0.96,3,1
317,NJ,New Jersey,1,Burger King,Southern NJ,0,1,After,1,1,5.05,7,5.05,10.5,1.26,1.05,1.05,2,1
318,NJ,New Jersey,1,KFC,Southern NJ,0,0.36,Before,0,0,4.25,11.5,4.75,12,1.23,0.98,2.61,3,3
318,NJ,New Jersey,1,KFC,Southern NJ,0,0.36,After,1,1,5.05,14,5.05,11.5,1.11,0.95,2.59,3,3
319,NJ,New Jersey,1,KFC,Southern NJ,0,,Before,0,0,4.25,8.5,4.62,12.5,1.06,0.85,3.95,,
319,NJ,New Jersey,1,KFC,Southern NJ,0,,After,1,1,5.05,27,5.05,11.5,0.95,0.9,2.43,4,3
320,NJ,New Jersey,1,KFC,Southern NJ,0,0,Before,0,0,4.25,11.5,5,12,1.12,0.8,2.45,4,4
320,NJ,New Jersey,1,KFC,Southern NJ,0,0,After,1,1,5.05,10,5.05,11,1.05,0.84,2.43,4,3
321,NJ,New Jersey,1,KFC,Southern NJ,0,0.1,Before,0,0,4.25,13,5,12.5,1.12,0.85,2.45,4,2
321,NJ,New Jersey,1,KFC,Southern NJ,0,0.1,After,1,1,5.05,11.5,5.05,12,1.05,0.84,2.43,4,3
322,NJ,New Jersey,1,Roy Rogers,Southern NJ,1,0.25,Before,0,0,4.25,18.5,4.75,16,1.06,1.06,1.02,6,2
322,NJ,New Jersey,1,Roy Rogers,Southern NJ,1,0.25,After,1,1,5.05,18.5,5.05,15,0.96,1.01,0.94,6,3
324,NJ,New Jersey,1,Roy Rogers,Southern NJ,0,0,Before,0,0,4.25,48,5.25,24,1.18,1.06,,5,2
324,NJ,New Jersey,1,Roy Rogers,Southern NJ,0,0,After,1,1,5.05,46.5,5.05,24,1.22,1.05,1.05,5,2
325,NJ,New Jersey,1,Roy Rogers,Southern NJ,1,0.5,Before,0,0,4.25,15.5,4.5,15,1.09,1.06,0.79,6,3
325,NJ,New Jersey,1,Roy Rogers,Southern NJ,1,0.5,After,1,1,5.05,11.5,5.05,15,1.02,1.01,1.01,6,3
326,NJ,New Jersey,1,Roy Rogers,Southern NJ,1,0.07,Before,0,0,4.25,45.5,5.15,24,1.26,0.99,,4,3
326,NJ,New Jersey,1,Roy Rogers,Southern NJ,1,0.07,After,1,1,5.05,26.5,5.05,24,1.22,,1.05,4,2
330,NJ,New Jersey,1,Wendy's,Southern NJ,0,0,Before,0,0,4.25,15,5.42,15.5,1.01,0.86,0.95,2,2
330,NJ,New Jersey,1,Wendy's,Southern NJ,0,0,After,1,1,5.05,16,5.67,14.5,0.94,0.79,1.26,2,2
333,NJ,New Jersey,1,Burger King,Central NJ,0,1,Before,0,0,4.25,14.25,4.25,15,1.02,0.88,0.82,4,
333,NJ,New Jersey,1,Burger King,Central NJ,0,1,After,1,1,5.05,16,5.05,15,1.04,0.87,0.87,3,3
334,NJ,New Jersey,1,Burger King,Southern NJ,0,0,Before,0,0,4.25,18,5,12.5,0.91,0.91,0.91,3,3
334,NJ,New Jersey,1,Burger King,Southern NJ,0,0,After,1,1,5.05,13,5.05,12.5,0.9,0.9,0.85,3,2
335,NJ,New Jersey,1,Burger King,Southern NJ,1,1,Before,0,0,4.25,17,,17,1.06,0.92,0.92,5,2
335,NJ,New Jersey,1,Burger King,Southern NJ,1,1,After,1,1,5.05,16.5,5.05,17,1.05,0.94,0.94,5,2
336,NJ,New Jersey,1,Burger King,Southern NJ,0,0.8,Before,0,0,4.25,38,4.5,15,1.02,0.91,0.93,3,2
336,NJ,New Jersey,1,Burger King,Southern NJ,0,0.8,After,1,1,5.05,25,5.05,16,0.95,1.05,0.94,3,3
337,NJ,New Jersey,1,Burger King,Southern NJ,1,0.9,Before,0,0,4.25,24.75,4.87,17,1.06,0.93,0.93,4,3
337,NJ,New Jersey,1,Burger King,Southern NJ,1,0.9,After,1,1,5.05,30.5,5.05,17,,,,,
339,NJ,New Jersey,1,Burger King,Southern NJ,1,0.7,Before,0,0,4.25,23,4.25,16,1.06,0.85,0.95,3,3
339,NJ,New Jersey,1,Burger King,Southern NJ,1,0.7,After,1,1,5.05,11.5,5.05,16,0.95,0.95,0.95,3,3
340,NJ,New Jersey,1,Burger King,Southern NJ,0,0.3,Before,0,0,4.25,24,4.25,14.5,0.96,0.95,0.85,5,4
340,NJ,New Jersey,1,Burger King,Southern NJ,0,0.3,After,1,1,5.05,25.5,5.05,16,1.05,0.84,0.84,5,4
341,NJ,New Jersey,1,KFC,Southern NJ,1,0.33,Before,0,0,4.25,7.5,4.62,9.5,0.95,0.74,2.34,3,3
341,NJ,New Jersey,1,KFC,Southern NJ,1,0.33,After,1,1,5.05,9.5,5.05,11,0.9,0.84,2.32,4,2
343,NJ,New Jersey,1,KFC,Southern NJ,1,0.43,Before,0,0,4.25,15,4.75,10.5,0.95,0.74,2.34,4,3
343,NJ,New Jersey,1,KFC,Southern NJ,1,0.43,After,1,1,5.05,11.5,5.05,12,0.95,0.85,2.32,4,3
346,NJ,New Jersey,1,KFC,Southern NJ,1,,Before,0,0,4.25,9.25,4.25,10,0.95,,,4,3
346,NJ,New Jersey,1,KFC,Southern NJ,1,,After,1,1,5.05,12,,11,0.85,,,,
348,NJ,New Jersey,1,Roy Rogers,Central NJ,1,0.75,Before,0,0,4.25,11.25,4.25,10.5,1.02,1.06,0.95,3,2
348,NJ,New Jersey,1,Roy Rogers,Central NJ,1,0.75,After,1,1,5.05,0,,,,,,,
349,NJ,New Jersey,1,Roy Rogers,Southern NJ,1,0.1,Before,0,0,4.25,21,5,16,1.12,0.91,0.95,3,3
349,NJ,New Jersey,1,Roy Rogers,Southern NJ,1,0.1,After,1,1,5.05,14,5.05,15,1.01,1.01,0.94,3,3
350,NJ,New Jersey,1,Roy Rogers,Southern NJ,1,0.6,Before,0,0,4.25,16.5,4.75,16,1.06,0.91,1.12,5,
350,NJ,New Jersey,1,Roy Rogers,Southern NJ,1,0.6,After,1,1,5.05,17,5.05,17,1.01,1.01,0.89,5,4
351,NJ,New Jersey,1,Roy Rogers,Southern NJ,1,,Before,0,0,4.25,18.75,4.25,16,1.02,0.9,0.95,4,3
351,NJ,New Jersey,1,Roy Rogers,Southern NJ,1,,After,1,1,5.05,24,5.05,16,1.01,1.01,0.73,4,2
354,NJ,New Jersey,1,Wendy's,Southern NJ,0,0.1,Before,0,0,4.25,20.5,5.06,10.5,0.95,0.86,0.95,2,2
354,NJ,New Jersey,1,Wendy's,Southern NJ,0,0.1,After,1,1,5.05,15.5,5.05,10.5,1,0.85,0.94,2,2
355,NJ,New Jersey,1,Wendy's,Central NJ,0,1,Before,0,0,4.25,13.5,4.87,11.5,0.95,0.92,0.95,2,2
355,NJ,New Jersey,1,Wendy's,Central NJ,0,1,After,1,1,5.05,13.5,,11.5,1,0.85,0.89,2,2
356,NJ,New Jersey,1,Wendy's,Southern NJ,0,0,Before,0,0,4.25,20.5,5.05,11.5,0.95,0.8,1.06,2,2
356,NJ,New Jersey,1,Wendy's,Southern NJ,0,0,After,1,1,5.05,18,5.05,11.5,1,0.85,1.05,2,2
357,NJ,New Jersey,1,Wendy's,Northern NJ,0,1,Before,0,0,4.25,17.5,5,11.5,0.95,0.86,0.95,2,2
357,NJ,New Jersey,1,Wendy's,Northern NJ,0,1,After,1,1,5.05,27,5.25,12.5,1,0.84,2.35,2,2
359,NJ,New Jersey,1,Burger King,Southern NJ,1,1,Before,0,0,4.25,15,4.25,15,1.02,0.85,0.82,3,3
359,NJ,New Jersey,1,Burger King,Southern NJ,1,1,After,1,1,5.05,17,5.05,16,1.05,0.87,0.82,3,2
360,NJ,New Jersey,1,Burger King,Southern NJ,0,1,Before,0,0,4.25,17.5,4.25,15,1.06,0.84,0.89,3,3
360,NJ,New Jersey,1,Burger King,Southern NJ,0,1,After,1,1,5.05,28,5.05,16,1.05,0.87,0.82,3,3
361,NJ,New Jersey,1,Burger King,Southern NJ,0,1,Before,0,0,4.25,17.5,4.25,16,1.02,0.91,0.85,3,3
361,NJ,New Jersey,1,Burger King,Southern NJ,0,1,After,1,1,5.05,21.5,5.05,16,0.9,0.93,0.92,3,2
363,NJ,New Jersey,1,KFC,Southern NJ,0,0.75,Before,0,0,4.25,15.5,4.25,12.5,1.06,0.8,2.45,4,3
363,NJ,New Jersey,1,KFC,Southern NJ,0,0.75,After,1,1,5.05,19.5,5.2,12.5,1.01,0.8,2.43,4,4
364,NJ,New Jersey,1,KFC,Southern NJ,0,,Before,0,0,4.25,16.5,4.25,12,0.95,0.85,2.45,4,4
364,NJ,New Jersey,1,KFC,Southern NJ,0,,After,1,1,5.05,20,5.05,12.5,1.05,0.84,2.43,5,3
366,NJ,New Jersey,1,Roy Rogers,Southern NJ,0,0.5,Before,0,0,4.25,13.5,4.5,11.5,1.02,0.91,0.63,5,4
366,NJ,New Jersey,1,Roy Rogers,Southern NJ,0,0.5,After,1,1,5.05,14.5,5.05,11.5,1.01,0.9,0.63,4,3
368,NJ,New Jersey,1,Wendy's,Southern NJ,0,0.2,Before,0,0,4.25,13,4.25,12.5,0.89,0.86,0.95,2,1
368,NJ,New Jersey,1,Wendy's,Southern NJ,0,0.2,After,1,1,5.05,14.5,5.05,11.5,1,0.85,0.95,2,2
369,NJ,New Jersey,1,Burger King,Northern NJ,1,0.87,Before,0,0,4.25,11.5,4.35,15,1.17,1.06,1.17,3,2
369,NJ,New Jersey,1,Burger King,Northern NJ,1,0.87,After,1,1,5.05,0,,,,,,,
370,NJ,New Jersey,1,Burger King,Northern NJ,0,0.8,Before,0,0,4.25,29.05,4.85,16,1.06,0.95,0.95,3,2
370,NJ,New Jersey,1,Burger King,Northern NJ,0,0.8,After,1,1,5.05,31.5,5.05,16,,,,3,2
371,NJ,New Jersey,1,Burger King,Northern NJ,0,1,Before,0,0,4.25,27.5,5,16,1.06,1.02,0.95,3,3
371,NJ,New Jersey,1,Burger King,Northern NJ,0,1,After,1,1,5.05,27,5.25,16,,,,4,2
372,NJ,New Jersey,1,Burger King,Northern NJ,1,0.3,Before,0,0,4.25,27.5,,19,1.1,0.95,1.1,4,
372,NJ,New Jersey,1,Burger King,Northern NJ,1,0.3,After,1,1,5.05,45,5.05,18.5,1.06,1.05,1.04,4,3
373,NJ,New Jersey,1,Burger King,Northern NJ,1,1,Before,0,0,4.25,24,5,15.5,1.01,0.95,1.03,6,3
373,NJ,New Jersey,1,Burger King,Northern NJ,1,1,After,1,1,5.05,29.5,5.05,15.5,1.1,0.94,1.02,6,5
375,NJ,New Jersey,1,Burger King,Northern NJ,0,0,Before,0,0,4.25,34,5.25,15,1.02,0.8,,4,2
375,NJ,New Jersey,1,Burger King,Northern NJ,0,0,After,1,1,5.05,16.5,5.5,15,1.05,0.94,1.01,3,3
376,NJ,New Jersey,1,Burger King,Northern NJ,0,,Before,0,0,4.25,13,4.5,14,0.95,0.95,0.96,8,4
376,NJ,New Jersey,1,Burger King,Northern NJ,0,,After,1,1,5.05,11.5,5.05,14,1.26,1.01,1,3,3
377,NJ,New Jersey,1,Burger King,Northern NJ,0,0.9,Before,0,0,4.25,18,4.25,14,1.06,0.95,0.95,3,2
377,NJ,New Jersey,1,Burger King,Northern NJ,0,0.9,After,1,1,5.05,20,5.05,14,1.05,0.95,0.94,3,1
378,NJ,New Jersey,1,Burger King,Northern NJ,1,,Before,0,0,4.25,18,5,18.5,1.1,0.96,1.1,5,5
378,NJ,New Jersey,1,Burger King,Northern NJ,1,,After,1,1,5.05,31.5,5.05,19,1.05,0.99,1.03,6,4
379,NJ,New Jersey,1,Burger King,Northern NJ,0,0.3,Before,0,0,4.25,30,4.62,16,1.06,1.06,0.95,3,2
379,NJ,New Jersey,1,Burger King,Northern NJ,0,0.3,After,1,1,5.05,34,5.05,16,1.06,1.06,1.06,3,2
380,NJ,New Jersey,1,Burger King,Northern NJ,0,0.5,Before,0,0,4.25,20.5,4.5,16,1.06,0.95,0.95,3,2
380,NJ,New Jersey,1,Burger King,Northern NJ,0,0.5,After,1,1,5.05,25,5.05,16,1.05,0.94,0.94,3,2
381,NJ,New Jersey,1,Burger King,Northern NJ,0,0,Before,0,0,4.25,24,5,16.5,1.27,1.17,1.1,4,2
381,NJ,New Jersey,1,Burger King,Northern NJ,0,0,After,1,1,5.05,27.5,5.05,16.5,1.37,1.16,1.16,4,2
383,NJ,New Jersey,1,Burger King,Northern NJ,0,0.3,Before,0,0,4.25,10,4.5,16,1.15,0.95,0.95,2,2
383,NJ,New Jersey,1,Burger King,Northern NJ,0,0.3,After,1,1,5.05,10,5.05,16,1.16,1.01,1.05,2,2
385,NJ,New Jersey,1,Burger King,Northern NJ,0,0.25,Before,0,0,4.25,26,4.25,17,,,,3,2
385,NJ,New Jersey,1,Burger King,Northern NJ,0,0.25,After,1,1,5.05,25,5.05,17,1.16,1.22,0.41,3,3
386,NJ,New Jersey,1,Burger King,Northern NJ,0,,Before,0,0,4.25,12.5,4.25,17,1.06,0.95,0.95,3,2
386,NJ,New Jersey,1,Burger King,Northern NJ,0,,After,1,1,5.05,23,5.05,17,1.05,0.95,0.95,4,2
391,NJ,New Jersey,1,KFC,Northern NJ,0,0.12,Before,0,0,4.25,19.5,4.25,10,1.06,1.06,2.66,3,3
391,NJ,New Jersey,1,KFC,Northern NJ,0,0.12,After,1,1,5.05,17.5,5.05,10,1.05,1.05,2.64,4,3
393,NJ,New Jersey,1,KFC,Northern NJ,1,1,Before,0,0,4.25,12,4.62,11,1.17,1.27,2.77,3,2
393,NJ,New Jersey,1,KFC,Northern NJ,1,1,After,1,1,5.05,23,5.25,11,1.16,1.26,2.75,3,2
396,NJ,New Jersey,1,Roy Rogers,Northern NJ,1,0.1,Before,0,0,4.25,36,4.87,17,1.27,1.07,2.13,5,3
396,NJ,New Jersey,1,Roy Rogers,Northern NJ,1,0.1,After,1,1,5.05,26,5.4,16,1.11,1.05,1.05,5,3
397,NJ,New Jersey,1,Roy Rogers,Northern NJ,1,0.85,Before,0,0,4.25,21,4.25,17,1.12,1.02,1.06,4,3
397,NJ,New Jersey,1,Roy Rogers,Northern NJ,1,0.85,After,1,1,5.05,16.5,5.05,17,1.17,1.06,2.11,4,3
398,NJ,New Jersey,1,Roy Rogers,Northern NJ,1,0.25,Before,0,0,4.25,24.5,4.75,17,1.12,1.06,1.06,5,4
398,NJ,New Jersey,1,Roy Rogers,Northern NJ,1,0.25,After,1,1,5.05,35.5,5.05,17,1.11,1.06,1.05,5,3
399,NJ,New Jersey,1,Roy Rogers,Northern NJ,1,,Before,0,0,4.25,20,4.87,17,1.27,1.04,1.12,7,3
399,NJ,New Jersey,1,Roy Rogers,Northern NJ,1,,After,1,1,5.05,31,5.05,16,1.26,1.08,1.05,7,4
400,NJ,New Jersey,1,Roy Rogers,Northern NJ,1,0.5,Before,0,0,4.25,26.5,4.5,17,1.2,1.06,1.06,5,5
400,NJ,New Jersey,1,Roy Rogers,Northern NJ,1,0.5,After,1,1,5.05,23,5.05,16,1.17,1.01,1.05,5,3
401,NJ,New Jersey,1,Roy Rogers,Northern NJ,0,0.18,Before,0,0,4.25,15,4.25,16,1.12,1.02,1.02,6,4
401,NJ,New Jersey,1,Roy Rogers,Northern NJ,0,0.18,After,1,1,5.05,22.5,5.05,16,1.12,1.05,1.05,6,4
402,NJ,New Jersey,1,Roy Rogers,Northern NJ,1,0.2,Before,0,0,4.25,19,4.75,16,1.12,1.02,1.06,4,2
402,NJ,New Jersey,1,Roy Rogers,Northern NJ,1,0.2,After,1,1,5.05,21.5,5.05,15,1.11,1.05,1.05,4,1
405,NJ,New Jersey,1,Roy Rogers,Northern NJ,1,0.57,Before,0,0,4.25,17.5,4.32,17,1.12,1.02,1.06,7,4
405,NJ,New Jersey,1,Roy Rogers,Northern NJ,1,0.57,After,1,1,5.05,12,5.05,16,1.12,1.01,1.05,6,3
406,NJ,New Jersey,1,Wendy's,Northern NJ,1,0,Before,0,0,4.25,33.5,5,11.5,1.02,,2.14,2,2
406,NJ,New Jersey,1,Wendy's,Northern NJ,1,0,After,1,1,5.05,32,5.5,12.5,0.84,0.94,1.99,2,2
409,NJ,New Jersey,1,Burger King,Northern NJ,0,0,Before,0,0,4.25,35,5,15,1.19,0.87,0.95,3,3
409,NJ,New Jersey,1,Burger King,Northern NJ,0,0,After,1,1,5.05,10.5,5.05,15,1.09,1.04,1.01,3,3
410,NJ,New Jersey,1,Burger King,Northern NJ,0,,Before,0,0,4.25,20.5,4.25,16,1.04,1.12,1.02,4,3
410,NJ,New Jersey,1,Burger King,Northern NJ,0,,After,1,1,5.05,20.5,5.05,16,1.19,0.98,1.01,4,3
411,NJ,New Jersey,1,Burger King,Northern NJ,0,1,Before,0,0,4.25,21,4.5,16,1.16,1.02,1.09,5,4
411,NJ,New Jersey,1,Burger King,Northern NJ,0,1,After,1,1,5.05,25,5.05,16,1.15,1.01,1.01,5,4
412,NJ,New Jersey,1,KFC,Central NJ,0,0.18,Before,0,0,4.25,10.5,4.5,11,1.06,1.02,2.34,5,2
412,NJ,New Jersey,1,KFC,Central NJ,0,0.18,After,1,1,5.05,8.5,5.05,11,1.15,1.05,2.64,5,3
413,NJ,New Jersey,1,Burger King,Northern NJ,0,1,Before,0,0,4.25,23,4.25,17,1.12,1.02,1.06,4,3
413,NJ,New Jersey,1,Burger King,Northern NJ,0,1,After,1,1,5.05,13,5.05,17,1.11,1.01,1.05,4,2
414,NJ,New Jersey,1,Burger King,Northern NJ,0,0.45,Before,0,0,4.25,23,4.25,16,1.06,0.95,1.11,4,2
414,NJ,New Jersey,1,Burger King,Northern NJ,0,0.45,After,1,1,5.05,21.5,5.05,16,1.15,0.95,1.13,4,3
415,NJ,New Jersey,1,Burger King,Northern NJ,0,0.65,Before,0,0,4.25,29,4.25,16,1.06,0.91,0.98,5,3
415,NJ,New Jersey,1,Burger King,Northern NJ,0,0.65,After,1,1,5.05,23,5.05,16,1.05,0.9,1.04,4,2
417,NJ,New Jersey,1,Burger King,Northern NJ,1,0.9,Before,0,0,4.25,21,4.25,16,1.05,0.94,1.07,4,4
417,NJ,New Jersey,1,Burger King,Northern NJ,1,0.9,After,1,1,5.05,25.5,5.05,16,1.11,1.09,1,3,2
418,NJ,New Jersey,1,Burger King,Northern NJ,0,0.1,Before,0,0,4.25,41.5,4.25,15,1.02,1.01,0.52,4,3
418,NJ,New Jersey,1,Burger King,Northern NJ,0,0.1,After,1,1,5.05,21.5,5.05,16,1.03,0.9,0.59,3,3
419,NJ,New Jersey,1,KFC,Northern NJ,1,0.15,Before,0,0,4.25,12,4.25,11,1.06,0.85,2.34,4,4
419,NJ,New Jersey,1,KFC,Northern NJ,1,0.15,After,1,1,5.05,9.5,5.05,11,1.05,0.84,2.53,4,3
421,NJ,New Jersey,1,KFC,Northern NJ,1,0.1,Before,0,0,4.25,33,4.62,13,1.06,0.85,2.34,4,2
421,NJ,New Jersey,1,KFC,Northern NJ,1,0.1,After,1,1,5.05,36.5,5.05,13,1.05,0.84,2.32,4,2
422,NJ,New Jersey,1,KFC,Northern NJ,0,,Before,0,0,4.25,6.5,4.75,11,1.06,0.85,2.34,4,2
422,NJ,New Jersey,1,KFC,Northern NJ,0,,After,1,1,5.05,16,5.05,11,1.01,0.84,2.32,4,4
423,NJ,New Jersey,1,KFC,Northern NJ,1,0.33,Before,0,0,4.25,9,4.95,12,1.06,0.85,2.34,3,2
423,NJ,New Jersey,1,KFC,Northern NJ,1,0.33,After,1,1,5.05,23.75,5.25,11,1.05,0.84,2.32,3,2
424,NJ,New Jersey,1,KFC,Northern NJ,1,0.45,Before,0,0,4.25,9.75,4.75,11,1.06,0.85,2.34,5,3
424,NJ,New Jersey,1,KFC,Northern NJ,1,0.45,After,1,1,5.05,17.5,5.25,14,1.05,0.94,2.32,5,3
426,NJ,New Jersey,1,Roy Rogers,Northern NJ,1,0.75,Before,0,0,4.25,24.5,4.25,19,1.18,1.02,1.06,5,3
426,NJ,New Jersey,1,Roy Rogers,Northern NJ,1,0.75,After,1,1,5.05,20.5,5.05,18,1.11,1.05,1.05,6,5
427,NJ,New Jersey,1,Wendy's,Northern NJ,0,0.4,Before,0,0,4.25,14,4.75,12.5,1.06,0.98,2.03,2,2
427,NJ,New Jersey,1,Wendy's,Northern NJ,0,0.4,After,1,1,5.05,20.5,5.05,12.5,1.11,1.09,2.07,2,2
428,NJ,New Jersey,1,Wendy's,Northern NJ,0,1,Before,0,0,4.25,19.5,4.62,12.5,1.06,0.98,1.06,2,2
428,NJ,New Jersey,1,Wendy's,Northern NJ,0,1,After,1,1,5.05,25,5.14,12.5,1.05,0.89,2.11,2,2
430,PA,Pennsylvania,0,Burger King,PA: Philadelphia suburbs,0,0.44,Before,0,0,4.25,36.5,4.25,15,0.95,0.75,0.8,3,3
430,PA,Pennsylvania,0,Burger King,PA: Philadelphia suburbs,0,0.44,After,1,0,4.25,27,4.25,16,0.91,0.73,0.75,3,3
432,PA,Pennsylvania,0,Burger King,PA: Philadelphia suburbs,0,0.75,Before,0,0,4.25,52.5,4.5,16,0.94,0.74,0.79,4,3
432,PA,Pennsylvania,0,Burger King,PA: Philadelphia suburbs,0,0.75,After,1,0,4.25,34,5.05,16,0.94,0.74,0.79,3,1
433,PA,Pennsylvania,0,Burger King,PA: Philadelphia suburbs,0,0.75,Before,0,0,4.25,29,4.25,16,0.95,0.73,0.8,3,3
433,PA,Pennsylvania,0,Burger King,PA: Philadelphia suburbs,0,0.75,After,1,0,4.25,25,,16,0.94,0.74,0.74,3,3
434,PA,Pennsylvania,0,Burger King,PA: Philadelphia suburbs,0,0.77,Before,0,0,4.25,45,4.25,16,0.95,0.75,,3,3
434,PA,Pennsylvania,0,Burger King,PA: Philadelphia suburbs,0,0.77,After,1,0,4.25,37.5,4.25,16,0.95,0.8,0.8,3,3
435,PA,Pennsylvania,0,Burger King,PA: Philadelphia suburbs,0,0.25,Before,0,0,4.25,22.75,4.25,15.5,0.95,0.75,0.79,3,3
435,PA,Pennsylvania,0,Burger King,PA: Philadelphia suburbs,0,0.25,After,1,0,4.25,21,4.25,15.5,0.94,0.74,0.79,3,2
438,PA,Pennsylvania,0,KFC,PA: Philadelphia suburbs,0,0.11,Before,0,0,4.25,7.5,4.25,8,1.01,0.84,2.43,2,1
438,PA,Pennsylvania,0,KFC,PA: Philadelphia suburbs,0,0.11,After,1,0,4.25,9.5,4.25,9,0.95,0.84,2.43,2,1
440,PA,Pennsylvania,0,Wendy's,PA: Philadelphia suburbs,0,1,Before,0,0,4.25,15.5,4.25,11.5,0.89,0.79,2.01,2,2
440,PA,Pennsylvania,0,Wendy's,PA: Philadelphia suburbs,0,1,After,1,0,4.25,18,,11.5,1,0.8,1.8,2,2
441,PA,Pennsylvania,0,Wendy's,PA: Philadelphia suburbs,0,1,Before,0,0,4.25,38,4.25,11.5,0.89,0.77,0.84,2,2
441,PA,Pennsylvania,0,Wendy's,PA: Philadelphia suburbs,0,1,After,1,0,4.25,18,4.25,11.5,1,0.8,1.81,2,2
443,PA,Pennsylvania,0,Wendy's,PA: Philadelphia suburbs,0,0.95,Before,0,0,4.25,17.5,4.25,11.5,0.89,0.79,1.8,2,2
443,PA,Pennsylvania,0,Wendy's,PA: Philadelphia suburbs,0,0.95,After,1,0,4.25,19,4.35,11.5,1,0.8,1.81,2,2
444,PA,Pennsylvania,0,Wendy's,PA: Philadelphia suburbs,0,,Before,0,0,4.25,25,4.25,12.5,0.89,0.8,0.84,2,2
444,PA,Pennsylvania,0,Wendy's,PA: Philadelphia suburbs,0,,After,1,0,4.25,31.5,4.5,11.5,0.89,,0.79,2,2
445,PA,Pennsylvania,0,Burger King,PA: Easton,0,0,Before,0,0,4.25,70.5,5,18,1.04,0.88,0.94,3,3
445,PA,Pennsylvania,0,Burger King,PA: Easton,0,0,After,1,0,4.25,29,4.75,18,1.04,0.86,0.94,3,3
448,PA,Pennsylvania,0,Burger King,PA: Easton,0,0.78,Before,0,0,4.25,21,4.75,18,0.97,0.84,0.91,3,3
448,PA,Pennsylvania,0,Burger King,PA: Easton,0,0.78,After,1,0,4.25,24.5,4.5,18,0.96,0.83,0.87,3,3
449,PA,Pennsylvania,0,Burger King,PA: Easton,0,0.03,Before,0,0,4.25,15.5,4.87,18,,,,4,4
449,PA,Pennsylvania,0,Burger King,PA: Easton,0,0.03,After,1,0,4.25,27.5,5,18,0.97,0.84,0.73,3,3
450,PA,Pennsylvania,0,Burger King,PA: Easton,0,0.5,Before,0,0,4.25,15.5,4.75,16.5,0.97,0.82,0.84,3,3
450,PA,Pennsylvania,0,Burger King,PA: Easton,0,0.5,After,1,0,4.25,34.5,4.75,18,0.91,0.84,0.86,3,3
451,PA,Pennsylvania,0,Burger King,PA: Easton,0,0,Before,0,0,4.25,23.5,5,24,1.05,0.84,0.96,6,4
451,PA,Pennsylvania,0,Burger King,PA: Easton,0,0,After,1,0,4.25,36.5,5,24,1.11,0.84,0.94,6,3
454,PA,Pennsylvania,0,KFC,PA: Easton,1,,Before,0,0,4.25,8.5,4.5,10,0.94,0.73,2.53,4,3
454,PA,Pennsylvania,0,KFC,PA: Easton,1,,After,1,0,4.25,14,5,11,0.94,0.73,2.64,4,3
455,PA,Pennsylvania,0,KFC,PA: Easton,1,0,Before,0,0,4.25,11,5.25,10,0.73,0.73,2.32,2,2
455,PA,Pennsylvania,0,KFC,PA: Easton,1,0,After,1,0,4.25,11,5,11,0.94,0.84,2.32,4,3
458,PA,Pennsylvania,0,KFC,PA: Philadelphia suburbs,1,0,Before,0,0,4.25,9,5,10,0.94,0.73,2.32,4,4
458,PA,Pennsylvania,0,KFC,PA: Philadelphia suburbs,1,0,After,1,0,4.25,8.5,5,10.5,0.9,0.73,2.32,4,3
459,PA,Pennsylvania,0,Roy Rogers,PA: Easton,1,,Before,0,0,4.25,18,4.25,16,1.05,0.9,0.94,5,
459,PA,Pennsylvania,0,Roy Rogers,PA: Easton,1,,After,1,0,4.25,15,4.35,15,1.01,1.01,0.89,4,2
462,PA,Pennsylvania,0,Roy Rogers,PA: Easton,1,0.05,Before,0,0,4.25,15.5,5,12.5,1.05,1.01,1.11,4,4
462,PA,Pennsylvania,0,Roy Rogers,PA: Easton,1,0.05,After,1,0,4.25,17.5,4.75,12,1.01,1.01,0.89,6,3
466,PA,Pennsylvania,0,Wendy's,PA: Easton,0,0.65,Before,0,0,4.25,20.75,4.75,11.5,0.94,0.8,0.94,2,2
466,PA,Pennsylvania,0,Wendy's,PA: Easton,0,0.65,After,1,0,4.25,23,,11.5,0.94,,,2,2
468,PA,Pennsylvania,0,Burger King,PA: Easton,0,0,Before,0,0,4.25,58,5,18,0.95,0.94,0.95,4,3
468,PA,Pennsylvania,0,Burger King,PA: Easton,0,0,After,1,0,4.25,29,5,18,0.97,0.84,0.86,4,3
469,PA,Pennsylvania,0,Burger King,PA: Easton,0,0.8,Before,0,0,4.25,26.5,5,18,0.92,0.72,0.96,3,2
469,PA,Pennsylvania,0,Burger King,PA: Easton,0,0.8,After,1,0,4.25,30.5,4.5,18,0.92,0.81,0.87,3,3
470,PA,Pennsylvania,0,Burger King,PA: Easton,0,0,Before,0,0,4.25,28.5,5.5,18,0.97,0.84,0.94,3,3
470,PA,Pennsylvania,0,Burger King,PA: Easton,0,0,After,1,0,4.25,26,4.75,18,1.03,0.84,0.94,3,2
471,PA,Pennsylvania,0,Burger King,PA: Easton,0,0.5,Before,0,0,4.25,39,4.25,18,0.97,0.84,0.91,2,2
471,PA,Pennsylvania,0,Burger King,PA: Easton,0,0.5,After,1,0,4.25,26.5,4.25,18,0.97,0.86,0.91,3,1
472,PA,Pennsylvania,0,Burger King,PA: Easton,0,0.8,Before,0,0,4.25,41.5,4.25,16.5,0.97,1.05,0.91,3,3
472,PA,Pennsylvania,0,Burger King,PA: Easton,0,0.8,After,1,0,4.25,23.5,4.9,17,0.96,0.84,0.91,3,3
473,PA,Pennsylvania,0,Burger King,PA: Easton,0,0.5,Before,0,0,4.25,22.5,4.75,17,0.97,0.86,0.89,3,2
473,PA,Pennsylvania,0,Burger King,PA: Easton,0,0.5,After,1,0,4.25,35.5,4.5,17,0.97,0.84,0.86,3,3
474,PA,Pennsylvania,0,Burger King,PA: Easton,0,0,Before,0,0,4.25,13.5,5,12.5,1.13,0.98,1.01,3,1
474,PA,Pennsylvania,0,Burger King,PA: Easton,0,0,After,1,0,4.25,18,4.5,13,1.09,0.94,0.94,3,2
475,PA,Pennsylvania,0,Burger King,PA: Easton,0,0.6,Before,0,0,4.25,32,4.5,15,1.02,0.89,0.9,3,3
475,PA,Pennsylvania,0,Burger King,PA: Easton,0,0.6,After,1,0,4.25,21,4.5,15,1.02,0.94,0.9,3,3
476,PA,Pennsylvania,0,Burger King,PA: Philadelphia suburbs,0,0.6,Before,0,0,4.25,24,4.25,18,0.95,0.79,0.91,3,3
476,PA,Pennsylvania,0,Burger King,PA: Philadelphia suburbs,0,0.6,After,1,0,4.25,23,4.75,18,0.96,0.84,1.18,3,3
477,PA,Pennsylvania,0,Burger King,PA: Easton,0,0.5,Before,0,0,4.25,26,4.25,16.5,0.97,0.78,0.99,3,3
477,PA,Pennsylvania,0,Burger King,PA: Easton,0,0.5,After,1,0,4.25,20,6.25,17,0.96,0.84,0.89,3,3
478,PA,Pennsylvania,0,Burger King,PA: Philadelphia suburbs,0,0.3,Before,0,0,4.25,48.5,4.5,19,0.97,0.86,0.91,3,3
478,PA,Pennsylvania,0,Burger King,PA: Philadelphia suburbs,0,0.3,After,1,0,4.25,27,4.35,18,1.01,0.88,0.91,3,2
481,PA,Pennsylvania,0,KFC,PA: Easton,1,0,Before,0,0,4.25,16.75,5.25,10,0.95,0.74,2.53,5,4
481,PA,Pennsylvania,0,KFC,PA: Easton,1,0,After,1,0,4.25,20,5,11,0.74,0.73,2.53,3,3
483,PA,Pennsylvania,0,KFC,PA: Easton,1,0,Before,0,0,4.25,9.5,5,10,0.94,0.73,2.32,4,3
483,PA,Pennsylvania,0,KFC,PA: Easton,1,0,After,1,0,4.25,13.5,4.75,11,0.95,0.74,2.33,4,3
485,PA,Pennsylvania,0,KFC,PA: Easton,1,0.8,Before,0,0,4.25,8.5,4.5,10,0.95,0.74,2.33,4,3
485,PA,Pennsylvania,0,KFC,PA: Easton,1,0.8,After,1,0,4.25,13,4.5,11,1.01,0.73,2.32,4,3
487,PA,Pennsylvania,0,Roy Rogers,PA: Easton,1,0,Before,0,0,4.25,15,5,11.5,1.11,0.91,0.95,6,3
487,PA,Pennsylvania,0,Roy Rogers,PA: Easton,1,0,After,1,0,4.25,19,4.75,11,1.05,1.01,0.94,6,1
488,PA,Pennsylvania,0,Roy Rogers,PA: Easton,0,0,Before,0,0,4.25,29.5,5,16,1.05,0.79,1.01,5,5
488,PA,Pennsylvania,0,Roy Rogers,PA: Easton,0,0,After,1,0,4.25,15.5,4.75,15,1.01,1.01,0.94,5,3
489,PA,Pennsylvania,0,Roy Rogers,PA: Easton,0,0.06,Before,0,0,4.25,18.5,5,14,1.05,1.01,0.94,4,4
489,PA,Pennsylvania,0,Roy Rogers,PA: Easton,0,0.06,After,1,0,4.25,14.5,4.25,11.5,1.01,1.01,1.05,6,3
490,PA,Pennsylvania,0,Roy Rogers,PA: Easton,1,0,Before,0,0,4.25,20.25,5,16,1.05,1.01,1.05,4,4
490,PA,Pennsylvania,0,Roy Rogers,PA: Easton,1,0,After,1,0,4.25,14,5,16,1.01,1.01,1.05,5,3
491,PA,Pennsylvania,0,Roy Rogers,PA: Easton,0,1,Before,0,0,4.25,18.5,4.5,13,1.05,0.91,0.95,3,2
491,PA,Pennsylvania,0,Roy Rogers,PA: Easton,0,1,After,1,0,4.25,0,,,,,,,
492,PA,Pennsylvania,0,Roy Rogers,PA: Easton,1,0.75,Before,0,0,4.25,13,4.5,12.5,1.11,1.05,0.94,2,1
492,PA,Pennsylvania,0,Roy Rogers,PA: Easton,1,0.75,After,1,0,4.25,13.5,4.5,12.5,1.11,1.11,1.05,2,1
493,PA,Pennsylvania,0,Roy Rogers,PA: Philadelphia suburbs,1,0,Before,0,0,4.25,36,5,16,1.05,0.9,2.01,6,3
493,PA,Pennsylvania,0,Roy Rogers,PA: Philadelphia suburbs,1,0,After,1,0,4.25,19,4.9,16,1.02,1.01,0.84,3,3
495,PA,Pennsylvania,0,Roy Rogers,PA: Easton,0,0.02,Before,0,0,4.25,21,5,15,1.05,1.01,0.94,3,3
495,PA,Pennsylvania,0,Roy Rogers,PA: Easton,0,0.02,After,1,0,4.25,21,5,16,0.96,1.01,1.01,5,3
496,PA,Pennsylvania,0,Roy Rogers,PA: Easton,1,0,Before,0,0,4.25,20.5,5,16,1.05,0.9,0.73,5,3
496,PA,Pennsylvania,0,Roy Rogers,PA: Easton,1,0,After,1,0,4.25,18,4.75,16,1.01,1.01,0.89,,
498,PA,Pennsylvania,0,Wendy's,PA: Easton,1,0.75,Before,0,0,4.25,28,4.75,12,0.91,0.84,0.85,2,2
498,PA,Pennsylvania,0,Wendy's,PA: Easton,1,0.75,After,1,0,4.25,26.75,5,12,0.98,0.84,0.9,2,2
499,PA,Pennsylvania,0,Wendy's,PA: Easton,1,0.11,Before,0,0,4.25,19,5,12,0.9,0.69,1.75,2,2
499,PA,Pennsylvania,0,Wendy's,PA: Easton,1,0.11,After,1,0,4.25,20.5,5,12,0.9,0.69,0.94,2,2
501,PA,Pennsylvania,0,Burger King,PA: Easton,0,0.63,Before,0,0,4.25,24.5,4.25,16.5,0.84,0.84,0.94,3,3
501,PA,Pennsylvania,0,Burger King,PA: Easton,0,0.63,After,1,0,4.25,43.5,4.75,18,1.03,0.91,0.91,3,3
503,PA,Pennsylvania,0,Burger King,PA: Easton,0,1,Before,0,0,4.25,18.5,4.75,16.5,0.97,0.84,0.91,3,3
503,PA,Pennsylvania,0,Burger King,PA: Easton,0,1,After,1,0,4.25,41.25,4.5,18,0.97,0.84,1,3,3
506,PA,Pennsylvania,0,KFC,PA: Philadelphia suburbs,1,0.3,Before,0,0,4.25,8.5,,10,0.95,0.74,2.33,3,3
506,PA,Pennsylvania,0,KFC,PA: Philadelphia suburbs,1,0.3,After,1,0,4.25,10.5,5,11,0.95,0.74,2.33,4,3
509,PA,Pennsylvania,0,Roy Rogers,PA: Easton,1,0.3,Before,0,0,4.25,14,5,16,1.05,0.95,1.16,6,3
509,PA,Pennsylvania,0,Roy Rogers,PA: Easton,1,0.3,After,1,0,4.25,13.5,4.25,15.5,1,1.01,0.94,3,2
510,PA,Pennsylvania,0,Roy Rogers,PA: Easton,1,0.6,Before,0,0,4.25,23.5,4.25,16,1.05,0.91,1.05,3,3
510,PA,Pennsylvania,0,Roy Rogers,PA: Easton,1,0.6,After,1,0,4.25,14.25,,15,1.05,1.01,,5,3
511,PA,Pennsylvania,0,Roy Rogers,PA: Easton,1,0.75,Before,0,0,4.25,15,4.75,16.5,1.01,0.91,1.05,4,4
511,PA,Pennsylvania,0,Roy Rogers,PA: Easton,1,0.75,After,1,0,4.25,12.5,4.75,15,1.01,1.01,0.89,6,2
514,PA,Pennsylvania,0,Roy Rogers,PA: Easton,0,0.25,Before,0,0,4.25,18,4.5,16,0.94,0.9,0.94,5,3
514,PA,Pennsylvania,0,Roy Rogers,PA: Easton,0,0.25,After,1,0,4.25,34,4.25,16,0.95,0.95,1.05,6,4
515,PA,Pennsylvania,0,Roy Rogers,PA: Easton,1,0.33,Before,0,0,4.25,19,5,16,1.05,0.94,1.16,5,3
515,PA,Pennsylvania,0,Roy Rogers,PA: Easton,1,0.33,After,1,0,4.25,17.5,4.75,16,1.01,1.01,0.94,5,4
516,PA,Pennsylvania,0,Roy Rogers,PA: Easton,1,0.23,Before,0,0,4.25,20.25,4.75,16,1.05,0.91,1.05,4,3
516,PA,Pennsylvania,0,Roy Rogers,PA: Easton,1,0.23,After,1,0,4.25,10,4.91,14,1.01,0.95,0.89,5,3
521,PA,Pennsylvania,0,Burger King,PA: Philadelphia suburbs,0,0.5,Before,0,0,4.25,15.5,4.25,16.5,,,0.52,4,4
521,PA,Pennsylvania,0,Burger King,PA: Philadelphia suburbs,0,0.5,After,1,0,4.25,14,4.4,16,0.41,0.84,0.89,4,2
522,PA,Pennsylvania,0,Burger King,PA: Philadelphia suburbs,0,0.75,Before,0,0,4.25,21,4.35,16,1,0.87,0.94,3,3
522,PA,Pennsylvania,0,Burger King,PA: Philadelphia suburbs,0,0.75,After,1,0,4.25,17.5,4.25,16,1,0.74,0.95,3,3
4071,PA,Pennsylvania,0,KFC,PA: Easton,1,0.9,Before,0,0,4.25,11,4.75,10,0.95,0.74,2.33,4,3
4071,PA,Pennsylvania,0,KFC,PA: Easton,1,0.9,After,1,0,4.25,11,4.25,11,0.95,0.84,2.53,4,3
4072,NJ,New Jersey,1,Wendy's,Northern NJ,1,0,Before,0,0,4.25,12,5.75,10.5,1.17,1.17,1.38,1,1
4072,NJ,New Jersey,1,Wendy's,Northern NJ,1,0,After,1,1,5.05,14.5,5.5,10.5,1.05,1.16,2.32,1,1
