county_code,taxrate,tax_st_diff_top20
1001,0.011183,0
1003,0.0117563,0
1005,0.012059,0
1007,0.0080066,0
1009,0.0070117,0
1011,0.0080108,0
1013,0.0117492,0
1015,0.0118154,0
1017,0.0084101,0
1019,0.0075383,0
1021,0.0107296,0
1023,0.007187,0
1025,0.0131719,0
1027,0.0056194,0
1029,0.0075371,0
1031,0.010937,0
1033,0.0151311,0
1035,0.0088832,0
1037,0.0067715,0
1039,0.0107795,0
1041,0.0077447,0
1043,0.0104551,0
1045,0.0106949,0
1047,0.0161444,0
1049,0.0104091,0
1051,0.0079915,0
1053,0.0121492,0
1055,0.0173905,0
1057,0.0080264,0
1059,0.0092541,0
1061,0.0077625,0
1063,0.0101747,0
1065,0.0043063,0
1067,0.0069316,0
1069,0.013222,0
1071,0.0094859,0
1073,0.0241656,0
1075,0.0067027,0
1077,0.0122398,0
1079,0.006108,0
1081,0.0154218,0
1083,0.008169,0
1085,0.0071351,0
1087,0.0117677,0
1089,0.017246,0
1091,0.0115118,0
1093,0.0086638,0
1095,0.0136967,0
1097,0.0200759,0
1099,0.006841,0
1101,0.0179881,0
1103,0.0129328,0
1105,0.0109145,0
1107,0.006639,0
1109,0.0107551,0
1111,0.0093696,0
1113,0.0120196,0
1115,0.0081171,0
1117,0.0111243,0
1119,0.0118933,0
1121,0.0130672,0
1123,0.0112037,0
1125,0.0142231,0
1127,0.0119574,0
1129,0.0129939,0
1131,0.0078635,0
1133,0.0079431,0
2013,0.0716291,0
2016,0.0699341,0
2020,0.0180095,0
2050,0.010007,0
2060,0.0543221,0
2070,0.0142793,0
2090,0.01763,0
2100,0.0215706,0
2110,0.025753,0
2122,0.0286323,0
2130,0.0278324,0
2150,0.0172064,0
2164,0.0005319,0
2170,0.0210504,0
2180,0.0148077,0
2185,0.899655,0
2188,0.0747745,0
2201,0.0059789,0
2220,0.0194349,0
2240,0.0001017,0
2261,0.0432725,0
2270,0.0089959,0
2280,0.0178316,0
2290,0.00317,0
4001,0.0298759,1.66
4003,0.0235566,1.66
4005,0.0268327,1.66
4007,0.0278382,1.66
4009,0.0164094,1.66
4011,0.035559,1.66
4012,0.0271674,1.66
4013,0.0231935,1.66
4015,0.0271805,1.66
4017,0.0280395,1.66
4019,0.0236861,1.66
4021,0.0420425,1.66
4023,0.0276768,1.66
4025,0.0260009,1.66
4027,0.0212295,1.66
5001,0.0138239,1
5003,0.0146102,1
5005,0.0126896,1
5007,0.0123177,1
5009,0.0143339,1
5011,0.012569,1
5013,0.015783,1
5015,0.0144904,1
5017,0.0128065,1
5019,0.014884,1
5021,0.0093826,1
5023,0.0123236,1
5025,0.0087769,1
5027,0.0100758,1
5029,0.01148,1
5031,0.0120548,1
5033,0.010286,1
5035,0.01389,1
5037,0.015227,1
5039,0.0118496,1
5041,0.0159762,1
5043,0.0129572,1
5045,0.0111725,1
5047,0.010309,1
5049,0.0086592,1
5051,0.0143325,1
5053,0.0102012,1
5055,0.0086937,1
5057,0.013573,1
5059,0.0147619,1
5061,0.0138313,1
5063,0.0207947,1
5065,0.0100421,1
5067,0.0142444,1
5069,0.0174975,1
5071,0.0106448,1
5073,0.0137564,1
5075,0.0110726,1
5077,0.0145487,1
5079,0.0119525,1
5081,0.0161044,1
5083,0.0078093,1
5085,0.009922,1
5087,0.0101158,1
5089,0.0091881,1
5091,0.0143546,1
5093,0.0132513,1
5095,0.0121771,1
5099,0.0112118,1
5101,0.0100914,1
5103,0.0112897,1
5105,0.0206415,1
5107,0.0175127,1
5109,0.0105449,1
5111,0.0108332,1
5113,0.0118662,1
5115,0.0128949,1
5117,0.0140153,1
5119,0.0195564,1
5121,0.0115872,1
5123,0.0128824,1
5125,0.0088597,1
5127,0.0051691,1
5129,0.0097497,1
5131,0.0170457,1
5133,0.0094211,1
5135,0.0119241,1
5137,0.0113593,1
5139,0.0137438,1
5141,0.0094365,1
5143,0.0192955,1
5145,0.0105393,1
5147,0.0132141,1
5149,0.007699,1
6001,0.0253973,6.3
6003,0.0705114,6.3
6005,0.0242953,6.3
6007,0.0172203,6.3
6009,0.0211556,6.3
6011,0.0286466,6.3
6013,0.0185665,6.3
6015,0.0154993,6.3
6017,0.0212192,6.3
6019,0.0203092,6.3
6021,0.0206394,6.3
6023,0.0182279,6.3
6025,0.0253895,6.3
6027,0.0437949,6.3
6029,0.0277015,6.3
6031,0.0215252,6.3
6033,0.0188341,6.3
6035,0.0200739,6.3
6037,0.0251053,6.3
6039,0.0198536,6.3
6041,0.0163821,6.3
6043,0.0311811,6.3
6045,0.0210239,6.3
6047,0.0173056,6.3
6049,0.022801,6.3
6051,0.0570461,6.3
6053,0.0215207,6.3
6055,0.0204852,6.3
6057,0.0163732,6.3
6059,0.0208975,6.3
6061,0.0222398,6.3
6063,0.0299631,6.3
6065,0.0209786,6.3
6067,0.019428,6.3
6069,0.0186274,6.3
6071,0.0193992,6.3
6073,0.0194946,6.3
6075,0.0340378,6.3
6077,0.0195843,6.3
6079,0.0261946,6.3
6081,0.0194082,6.3
6083,0.0201828,6.3
6085,0.0245425,6.3
6087,0.0195685,6.3
6089,0.0203192,6.3
6091,0.0288588,6.3
6093,0.0182667,6.3
6095,0.0188098,6.3
6097,0.0196341,6.3
6099,0.0194629,6.3
6101,0.0190195,6.3
6103,0.0164378,6.3
6105,0.0166705,6.3
6107,0.0168843,6.3
6109,0.0204753,6.3
6111,0.0188411,6.3
6113,0.0215836,6.3
6115,0.0222205,6.3
8001,0.0282529,0
8003,0.02791,0
8005,0.0295537,0
8007,0.0493398,0
8009,0.0405289,0
8011,0.0239179,0
8013,0.0286558,0
8015,0.0242539,0
8017,0.0631475,0
8019,0.0420478,0
8021,0.0228349,0
8023,0.0582491,0
8025,0.0410508,0
8027,0.032604,0
8029,0.0209311,0
8031,0.0424805,0
8033,0.0348627,0
8035,0.023659,0
8037,0.0826143,0
8039,0.0237514,0
8041,0.02393,0
8043,0.0229417,0
8045,0.0338435,0
8047,0.0326982,0
8049,0.0817537,0
8051,0.0527745,0
8053,0.0808321,0
8055,0.0793714,0
8057,0.0409625,0
8059,0.0217992,0
8061,0.0572436,0
8063,0.0326104,0
8065,0.1461817,0
8067,0.0393118,0
8069,0.0277762,0
8071,0.0245025,0
8073,0.0350965,0
8075,0.0325618,0
8077,0.0266826,0
8079,0.0421533,0
8081,0.0618785,0
8083,0.0348879,0
8085,0.0222167,0
8087,0.0343414,0
8089,0.0190696,0
8091,0.0361434,0
8093,0.042171,0
8095,0.0311187,0
8097,0.0574804,0
8099,0.0287844,0
8101,0.0280786,0
8103,0.0947563,0
8105,0.0332241,0
8107,0.0598386,0
8109,0.0282777,0
8111,0.0598389,0
8113,0.0902779,0
8115,0.0335026,0
8117,0.0985891,0
8119,0.0305846,0
8121,0.0460407,0
8123,0.0300435,0
8125,0.0334957,0
9001,0.0257445,0
9003,0.029134,0
9005,0.0236202,0
9007,0.0272507,0
9009,0.026004,0
9011,0.0280029,0
9013,0.0227201,0
9015,0.0204047,0
10001,0.0075645,0.75
10003,0.0117536,0.75
10005,0.0110825,0.75
11001,0.0961839,2.5
12001,0.0220094,0
12003,0.0136837,0
12005,0.0208817,0
12007,0.0126975,0
12009,0.0186026,0
12011,0.0253202,0
12013,0.0104561,0
12015,0.0207129,0
12017,0.0199785,0
12019,0.0145306,0
12021,0.0244171,0
12023,0.0161701,0
12025,0.0287962,0
12027,0.0204911,0
12029,0.0198277,0
12031,0.0215834,0
12033,0.0151736,0
12035,0.0253892,0
12037,0.026855,0
12039,0.0116307,0
12041,0.0165587,0
12043,0.0319895,0
12045,0.0316214,0
12047,0.0480077,0
12049,0.0245011,0
12051,0.0331299,0
12053,0.0332242,0
12055,0.0158965,0
12057,0.0239198,0
12059,0.0095756,0
12061,0.0237107,0
12063,0.0149918,0
12065,0.0152339,0
12067,0.0156102,0
12069,0.0167538,0
12071,0.0248733,0
12073,0.0220065,0
12075,0.0185662,0
12077,0.0114761,0
12079,0.0151738,0
12081,0.0193643,0
12083,0.015636,0
12085,0.0212631,0
12087,0.0340927,0
12089,0.023826,0
12091,0.0149999,0
12093,0.0226332,0
12095,0.0325368,0
12097,0.030611,0
12099,0.0271952,0
12101,0.0150357,0
12103,0.0203394,0
12105,0.0160779,0
12107,0.0399066,0
12109,0.0203475,0
12111,0.0294905,0
12113,0.0148128,0
12115,0.0169935,0
12117,0.0185294,0
12119,0.0134581,0
12121,0.015043,0
12123,0.0260034,0
12125,0.012851,0
12127,0.0234961,0
12129,0.0160746,0
12131,0.0309211,0
12133,0.0131059,0
13001,0.0392982,0
13003,0.0206867,0
13005,0.0139359,0
13007,0.0179276,0
13009,0.0225819,0
13011,0.0220345,0
13013,0.0202412,0
13015,0.0305294,0
13017,0.021014,0
13019,0.0211051,0
13021,0.0222794,0
13023,0.0135809,0
13025,0.0156335,0
13027,0.0174744,0
13029,0.0176029,0
13031,0.0189688,0
13033,0.0765637,0
13035,0.0243089,0
13037,0.025439,0
13039,0.0319051,0
13043,0.0198595,0
13045,0.0224296,0
13047,0.0133649,0
13049,0.024437,0
13051,0.0317214,0
13053,0.006142,0
13055,0.0161242,0
13057,0.0153308,0
13059,0.0355083,0
13061,0.0202191,0
13063,0.024297,0
13065,0.0280993,0
13067,0.0192482,0
13069,0.018359,0
13071,0.0152375,0
13073,0.0135902,0
13075,0.01763,0
13077,0.0216164,0
13079,0.0181905,0
13081,0.0260273,0
13083,0.01509,0
13085,0.0291883,0
13087,0.0200524,0
13089,0.025341,0
13091,0.014154,0
13093,0.0258319,0
13095,0.0268532,0
13097,0.0229106,0
13099,0.0269466,0
13101,0.0228185,0
13103,0.0184135,0
13105,0.0183383,0
13107,0.0172943,0
13109,0.0197871,0
13111,0.0149078,0
13113,0.0187528,0
13115,0.0264785,0
13117,0.0212183,0
13119,0.0189125,0
13121,0.041836,0
13123,0.0227162,0
13125,0.0167744,0
13127,0.0286107,0
13129,0.0224295,0
13131,0.0168673,0
13133,0.0216881,0
13135,0.0253629,0
13137,0.0191389,0
13139,0.0216825,0
13141,0.037178,0
13143,0.0194249,0
13145,0.0182255,0
13147,0.0178396,0
13149,0.0363071,0
13151,0.0218389,0
13153,0.0153433,0
13155,0.0163905,0
13157,0.0227471,0
13159,0.0190036,0
13161,0.0265177,0
13163,0.018232,0
13165,0.0196499,0
13167,0.0135205,0
13169,0.0099168,0
13171,0.0167871,0
13173,0.0221718,0
13175,0.0204416,0
13177,0.0160777,0
13179,0.0204727,0
13181,0.0181141,0
13183,0.0174725,0
13185,0.0231983,0
13187,0.0193024,0
13189,0.0165033,0
13191,0.0266643,0
13193,0.0268798,0
13195,0.0137332,0
13197,0.0147263,0
13199,0.0195172,0
13201,0.015838,0
13205,0.0170797,0
13207,0.0360155,0
13209,0.0161511,0
13211,0.0276211,0
13213,0.0180917,0
13215,0.0194441,0
13217,0.0237131,0
13219,0.0137254,0
13221,0.0154472,0
13223,0.0180104,0
13225,0.0189698,0
13227,0.0201775,0
13229,0.0155215,0
13231,0.0119728,0
13233,0.0201893,0
13235,0.0179144,0
13237,0.0239332,0
13239,0.0238416,0
13241,0.0321958,0
13243,0.0185535,0
13245,0.0230067,0
13247,0.0244811,0
13249,0.0154728,0
13251,0.0201338,0
13253,0.018791,0
13255,0.022668,0
13257,0.0222816,0
13259,0.0156853,0
13261,0.0207645,0
13263,0.0209673,0
13265,0.029775,0
13267,0.0211823,0
13269,0.0180768,0
13271,0.0203659,0
13273,0.0190892,0
13275,0.018708,0
13277,0.0181638,0
13279,0.0193798,0
13281,0.0135279,0
13283,0.0151032,0
13285,0.0196554,0
13287,0.0260082,0
13289,0.0263894,0
13291,0.0175038,0
13293,0.015731,0
13295,0.0119812,0
13297,0.0190464,0
13299,0.0231144,0
13301,0.0200032,0
13303,0.0240991,0
13305,0.0264023,0
13307,0.0166562,0
13309,0.0124185,0
13311,0.0290966,0
13313,0.0288315,0
13315,0.0175004,0
13317,0.0195663,0
13319,0.028017,0
13321,0.0170756,0
15001,0.020113,1.05
15003,0.0153621,1.05
15007,0.0213821,1.05
15009,0.0207933,1.05
16001,0.0171006,0.4
16003,0.0107834,0.4
16005,0.0148525,0.4
16007,0.0150887,0.4
16009,0.0210273,0.4
16011,0.0140888,0.4
16013,0.0311595,0.4
16015,0.0144222,0.4
16017,0.0212328,0.4
16019,0.0155473,0.4
16021,0.0155046,0.4
16023,0.0166629,0.4
16025,0.0243847,0.4
16027,0.0135604,0.4
16029,0.0247699,0.4
16031,0.0132467,0.4
16033,0.0454674,0.4
16035,0.0127229,0.4
16037,0.0144063,0.4
16039,0.0138748,0.4
16041,0.0139087,0.4
16043,0.0179247,0.4
16045,0.0100309,0.4
16047,0.0122223,0.4
16049,0.0110291,0.4
16051,0.0129621,0.4
16053,0.0125662,0.4
16055,0.0205738,0.4
16057,0.0190223,0.4
16059,0.0117004,0.4
16061,0.0243309,0.4
16063,0.0186872,0.4
16065,0.0151687,0.4
16067,0.0117747,0.4
16069,0.0221915,0.4
16071,0.0186963,0.4
16073,0.0163094,0.4
16075,0.0145474,0.4
16077,0.0335542,0.4
16079,0.0210724,0.4
16081,0.0155524,0.4
16083,0.0158376,0.4
16085,0.0367466,0.4
16087,0.0176083,0.4
17001,0.014642,0
17003,0.009483,0
17005,0.0130838,0
17007,0.0170675,0
17009,0.0201782,0
17011,0.0177526,0
17013,0.0122618,0
17015,0.0168415,0
17017,0.0168946,0
17019,0.0258149,0
17021,0.0178197,0
17023,0.0114203,0
17025,0.0146084,0
17027,0.0118864,0
17029,0.021065,0
17031,0.0371153,0
17033,0.0160224,0
17035,0.0116645,0
17037,0.0286869,0
17039,0.0383402,0
17041,0.0224325,0
17043,0.0277994,0
17045,0.0161281,0
17047,0.0101078,0
17049,0.0128211,0
17051,0.0103032,0
17053,0.025465,0
17055,0.0118038,0
17057,0.0173084,0
17059,0.0174123,0
17061,0.0137607,0
17063,0.0312655,0
17065,0.0106484,0
17067,0.0172458,0
17069,0.0080407,0
17071,0.0193289,0
17073,0.0140445,0
17075,0.0193575,0
17077,0.0191011,0
17079,0.0222504,0
17081,0.0191827,0
17083,0.012032,0
17085,0.02051,0
17087,0.0113376,0
17089,0.0304634,0
17091,0.0160813,0
17093,0.0191757,0
17095,0.0196234,0
17097,0.0269699,0
17099,0.0186977,0
17101,0.0089783,0
17103,0.0220653,0
17105,0.0192089,0
17107,0.0210029,0
17109,0.0209479,0
17111,0.0227749,0
17113,0.0259555,0
17115,0.0171613,0
17117,0.0145937,0
17119,0.0183414,0
17121,0.0136045,0
17123,0.0172056,0
17125,0.0203953,0
17127,0.013935,0
17129,0.0141164,0
17131,0.0144,0
17133,0.0137852,0
17135,0.0168327,0
17137,0.0148402,0
17139,0.0164268,0
17141,0.0305408,0
17143,0.0197276,0
17145,0.0085786,0
17147,0.0185634,0
17149,0.0154907,0
17151,0.0145288,0
17153,0.0071296,0
17155,0.0162461,0
17157,0.0131326,0
17159,0.0133548,0
17161,0.019268,0
17163,0.0152875,0
17165,0.0136261,0
17167,0.0190436,0
17169,0.0139119,0
17171,0.0130493,0
17173,0.0163035,0
17175,0.0242323,0
17177,0.0159872,0
17179,0.0165563,0
17181,0.0174106,0
17183,0.0143797,0
17185,0.0112784,0
17187,0.0184039,0
17189,0.014655,0
17191,0.0138683,0
17193,0.0133115,0
17195,0.0152903,0
17197,0.0257791,0
17199,0.0137646,0
17201,0.0201235,0
17203,0.0137189,0
18001,0.0165594,0
18003,0.0175166,0
18005,0.0234032,0
18007,0.0249649,0
18009,0.0191852,0
18011,0.0158117,0
18013,0.0196178,0
18015,0.0195561,0
18017,0.0209982,0
18019,0.018475,0
18021,0.0197424,0
18023,0.0211312,0
18025,0.0202716,0
18027,0.0152053,0
18029,0.0183295,0
18031,0.0157896,0
18033,0.0197526,0
18035,0.0189267,0
18037,0.0202821,0
18039,0.021986,0
18041,0.0175478,0
18043,0.0151998,0
18045,0.0149937,0
18047,0.0132354,0
18049,0.0185116,0
18051,0.0229868,0
18053,0.0191204,0
18055,0.0167396,0
18057,0.0179783,0
18059,0.0176607,0
18061,0.0133819,0
18063,0.0152879,0
18065,0.0170972,0
18067,0.0206363,0
18069,0.0159983,0
18071,0.018505,0
18073,0.0260639,0
18075,0.0219625,0
18077,0.0181265,0
18079,0.0155023,0
18081,0.0176261,0
18083,0.015592,0
18085,0.0222932,0
18087,0.0206286,0
18089,0.0256777,0
18091,0.0200647,0
18093,0.0172729,0
18095,0.0183896,0
18097,0.0265513,0
18099,0.0193818,0
18101,0.0144735,0
18103,0.0187156,0
18105,0.0211083,0
18107,0.022445,0
18109,0.0167498,0
18111,0.0215698,0
18113,0.017164,0
18115,0.0119939,0
18117,0.0168952,0
18119,0.0140303,0
18121,0.0200049,0
18123,0.0152865,0
18125,0.0242252,0
18127,0.0171845,0
18129,0.0296941,0
18131,0.0222867,0
18133,0.0216252,0
18135,0.0186412,0
18137,0.016567,0
18139,0.0197695,0
18141,0.0177819,0
18143,0.0168796,0
18145,0.0170765,0
18147,0.0259079,0
18149,0.0186904,0
18151,0.0232061,0
18153,0.0279475,0
18155,0.0140957,0
18157,0.0225667,0
18159,0.0190353,0
18161,0.0184178,0
18163,0.019138,0
18165,0.0231518,0
18167,0.0172731,0
18169,0.0191499,0
18171,0.0207749,0
18173,0.027246,0
18175,0.0172135,0
18177,0.0239309,0
18179,0.0193457,0
18181,0.0254355,0
18183,0.0172468,0
19001,0.0235531,2.86
19003,0.0244225,2.86
19005,0.0251833,2.86
19007,0.0226199,2.86
19009,0.0256742,2.86
19011,0.0219462,2.86
19013,0.0252121,2.86
19015,0.0215586,2.86
19017,0.0245583,2.86
19019,0.0179234,2.86
19021,0.0232211,2.86
19023,0.0217334,2.86
19025,0.0266633,2.86
19027,0.0226461,2.86
19029,0.024373,2.86
19031,0.0233775,2.86
19033,0.0243891,2.86
19035,0.0216028,2.86
19037,0.022611,2.86
19039,0.0229325,2.86
19041,0.0231588,2.86
19043,0.0247683,2.86
19045,0.0238099,2.86
19047,0.0266298,2.86
19049,0.0241648,2.86
19051,0.0232524,2.86
19053,0.026441,2.86
19055,0.0197405,2.86
19057,0.0232601,2.86
19059,0.0267157,2.86
19061,0.022376,2.86
19063,0.0286095,2.86
19065,0.0266869,2.86
19067,0.0240823,2.86
19069,0.0237128,2.86
19071,0.0227499,2.86
19073,0.0297586,2.86
19075,0.0260241,2.86
19077,0.0270468,2.86
19079,0.0309431,2.86
19081,0.0284878,2.86
19083,0.0266226,2.86
19085,0.0225379,2.86
19087,0.0249367,2.86
19089,0.0275719,2.86
19091,0.0256226,2.86
19093,0.0226069,2.86
19095,0.0229134,2.86
19097,0.0198203,2.86
19099,0.0214502,2.86
19101,0.0219598,2.86
19103,0.0217626,2.86
19105,0.0213298,2.86
19107,0.0259072,2.86
19109,0.02619,2.86
19111,0.0252697,2.86
19113,0.0231698,2.86
19115,0.0306337,2.86
19117,0.0201257,2.86
19119,0.0202316,2.86
19121,0.0250073,2.86
19123,0.0222637,2.86
19125,0.0193392,2.86
19127,0.0234621,2.86
19129,0.0230178,2.86
19131,0.024069,2.86
19133,0.0270064,2.86
19135,0.0247154,2.86
19137,0.0238743,2.86
19139,0.0222596,2.86
19141,0.028809,2.86
19143,0.0201578,2.86
19145,0.0229092,2.86
19147,0.0318176,2.86
19149,0.0210807,2.86
19151,0.025339,2.86
19153,0.0271609,2.86
19155,0.025681,2.86
19157,0.0210804,2.86
19159,0.0283677,2.86
19161,0.0243753,2.86
19163,0.0256168,2.86
19165,0.0256778,2.86
19167,0.0211233,2.86
19169,0.0252735,2.86
19171,0.0234448,2.86
19173,0.0244323,2.86
19175,0.0299919,2.86
19177,0.0241845,2.86
19179,0.0235765,2.86
19181,0.0182303,2.86
19183,0.0231876,2.86
19185,0.0227039,2.86
19187,0.025722,2.86
19189,0.0304927,2.86
19191,0.0295605,2.86
19193,0.025471,2.86
19195,0.0224621,2.86
19197,0.0260915,2.86
20001,0.0255775,0.2
20003,0.0224778,0.2
20005,0.0200742,0.2
20007,0.0379138,0.2
20009,0.030778,0.2
20011,0.0238164,0.2
20013,0.0220692,0.2
20015,0.0220735,0.2
20017,0.0304664,0.2
20019,0.0285828,0.2
20021,0.0179211,0.2
20023,0.0338215,0.2
20025,0.0492488,0.2
20027,0.0222496,0.2
20029,0.0277225,0.2
20031,0.0888144,0.2
20033,0.0496278,0.2
20035,0.0238202,0.2
20037,0.0207483,0.2
20039,0.0297257,0.2
20041,0.0239671,0.2
20043,0.0247206,0.2
20045,0.0266039,0.2
20047,0.0336293,0.2
20049,0.0250193,0.2
20051,0.0265672,0.2
20053,0.0422569,0.2
20055,0.0388431,0.2
20057,0.0351488,0.2
20059,0.0212431,0.2
20061,0.0233987,0.2
20063,0.0489295,0.2
20065,0.0436473,0.2
20067,0.0685768,0.2
20069,0.0385505,0.2
20071,0.0506736,0.2
20073,0.0289342,0.2
20075,0.0585585,0.2
20077,0.0358131,0.2
20079,0.0234556,0.2
20081,0.070278,0.2
20083,0.0585829,0.2
20085,0.0193911,0.2
20087,0.0170073,0.2
20089,0.0334262,0.2
20091,0.0221498,0.2
20093,0.0801111,0.2
20095,0.0369633,0.2
20097,0.0461492,0.2
20099,0.0164872,0.2
20101,0.044672,0.2
20103,0.0182283,0.2
20105,0.0357343,0.2
20107,0.0375485,0.2
20109,0.0430049,0.2
20111,0.0226113,0.2
20113,0.0277922,0.2
20115,0.0221329,0.2
20117,0.0470103,0.2
20119,0.0492282,0.2
20121,0.0196917,0.2
20123,0.0297924,0.2
20125,0.0227367,0.2
20127,0.0199412,0.2
20129,0.0674324,0.2
20131,0.0194388,0.2
20133,0.0194869,0.2
20135,0.046909,0.2
20137,0.027487,0.2
20139,0.0168578,0.2
20141,0.0218209,0.2
20143,0.0281884,0.2
20145,0.0267751,0.2
20147,0.0313007,0.2
20149,0.0409623,0.2
20151,0.0344851,0.2
20153,0.0385478,0.2
20155,0.0276277,0.2
20157,0.0247802,0.2
20159,0.0325437,0.2
20161,0.0244733,0.2
20163,0.041586,0.2
20165,0.0388972,0.2
20167,0.0345593,0.2
20169,0.021753,0.2
20171,0.0358975,0.2
20173,0.0240517,0.2
20175,0.0378422,0.2
20177,0.0266445,0.2
20179,0.0450842,0.2
20181,0.0343662,0.2
20183,0.0325086,0.2
20185,0.044646,0.2
20187,0.0926009,0.2
20189,0.0698,0.2
20191,0.0203586,0.2
20193,0.037372,0.2
20195,0.0310179,0.2
20197,0.0198209,0.2
20199,0.0524232,0.2
20201,0.0325081,0.2
20203,0.0466336,0.2
20205,0.0226747,0.2
20207,0.020383,0.2
20209,0.0317631,0.2
21001,0.0084552,0.2
21003,0.0085207,0.2
21005,0.0112692,0.2
21007,0.00884,0.2
21009,0.0134177,0.2
21011,0.0073469,0.2
21013,0.0169037,0.2
21015,0.025209,0.2
21017,0.013073,0.2
21019,0.0131863,0.2
21021,0.0157852,0.2
21023,0.0079387,0.2
21025,0.009602,0.2
21027,0.0090565,0.2
21029,0.006815,0.2
21031,0.0137945,0.2
21033,0.0100076,0.2
21035,0.0110585,0.2
21037,0.0145401,0.2
21039,0.006079,0.2
21041,0.0197971,0.2
21043,0.0074896,0.2
21045,0.0096168,0.2
21047,0.0108768,0.2
21049,0.0144754,0.2
21051,0.0072262,0.2
21053,0.0054747,0.2
21055,0.0078786,0.2
21057,0.0109177,0.2
21059,0.0139501,0.2
21061,0.0073979,0.2
21063,0.0079878,0.2
21065,0.010012,0.2
21067,0.0225248,0.2
21069,0.0096461,0.2
21071,0.0092441,0.2
21073,0.0157265,0.2
21075,0.0116423,0.2
21077,0.0096714,0.2
21079,0.0115585,0.2
21081,0.0107505,0.2
21083,0.0079571,0.2
21085,0.0087693,0.2
21087,0.0082461,0.2
21089,0.008023,0.2
21091,0.0187051,0.2
21093,0.0128733,0.2
21095,0.0101607,0.2
21097,0.0121101,0.2
21099,0.0076038,0.2
21101,0.0114138,0.2
21103,0.0103504,0.2
21105,0.0077029,0.2
21107,0.0120426,0.2
21109,0.0061576,0.2
21111,0.0215164,0.2
21113,0.0142277,0.2
21115,0.0105488,0.2
21117,0.0147919,0.2
21119,0.0070715,0.2
21121,0.0069241,0.2
21123,0.008266,0.2
21125,0.0097177,0.2
21127,0.0071071,0.2
21129,0.0106713,0.2
21131,0.0103924,0.2
21133,0.0083361,0.2
21135,0.0069741,0.2
21137,0.00824,0.2
21139,0.0067502,0.2
21141,0.0103059,0.2
21143,0.009998,0.2
21145,0.0165959,0.2
21147,0.0076667,0.2
21149,0.0086773,0.2
21151,0.0166785,0.2
21153,0.0090619,0.2
21155,0.0106849,0.2
21157,0.0114389,0.2
21159,0.0092951,0.2
21161,0.0213548,0.2
21163,0.0065426,0.2
21165,0.0063187,0.2
21167,0.0120481,0.2
21169,0.011256,0.2
21171,0.0111924,0.2
21173,0.0123036,0.2
21175,0.0095762,0.2
21177,0.0117849,0.2
21179,0.0121289,0.2
21181,0.0131052,0.2
21183,0.0098784,0.2
21185,0.0093998,0.2
21187,0.0088,0.2
21189,0.0077829,0.2
21191,0.0076547,0.2
21193,0.0148485,0.2
21195,0.0108879,0.2
21197,0.0098059,0.2
21199,0.0134899,0.2
21201,0.0101069,0.2
21203,0.0073189,0.2
21205,0.0139172,0.2
21207,0.0086554,0.2
21209,0.0247251,0.2
21211,0.0140831,0.2
21213,0.0142484,0.2
21215,0.0082371,0.2
21217,0.0100377,0.2
21219,0.0069406,0.2
21221,0.0090161,0.2
21223,0.0130096,0.2
21225,0.0095588,0.2
21227,0.0155669,0.2
21229,0.0100038,0.2
21231,0.0080044,0.2
21233,0.0090247,0.2
21235,0.0121892,0.2
21237,0.0071472,0.2
21239,0.0169245,0.2
22001,0.017211,4
22003,0.0208554,4
22005,0.0287556,4
22007,0.0179283,4
22009,0.0148614,4
22011,0.0267682,4
22013,0.0262524,4
22015,0.0176536,4
22017,0.0267175,4
22019,0.0279451,4
22021,0.0130333,4
22023,0.0555377,4
22025,0.0133724,4
22027,0.0171295,4
22029,0.0099876,4
22031,0.0226419,4
22033,0.0248429,4
22035,0.0444594,4
22037,0.0119931,4
22039,0.0197089,4
22041,0.0063669,4
22043,0.0094804,4
22045,0.0204345,4
22047,0.0480269,4
22049,0.0137802,4
22051,0.032887,4
22053,0.0234105,4
22055,0.0212301,4
22057,0.0197314,4
22059,0.0175731,4
22061,0.0209359,4
22063,0.0110184,4
22065,0.0146929,4
22067,0.0178822,4
22069,0.0189983,4
22071,0.0329433,4
22073,0.0217928,4
22075,0.0380049,4
22077,0.0161094,4
22079,0.0242405,4
22081,0.016667,4
22083,0.0186502,4
22085,0.0185847,4
22087,0.0187673,4
22089,0.0466287,4
22091,0.0066946,4
22093,0.0506762,4
22095,0.0256323,4
22097,0.0198956,4
22099,0.0159434,4
22101,0.040446,4
22103,0.0189463,4
22105,0.0198927,4
22107,0.0094129,4
22109,0.0244178,4
22111,0.0126333,4
22113,0.0184878,4
22115,0.0125756,4
22117,0.0171066,4
22119,0.0138197,4
22121,0.0382146,4
22123,0.0143917,4
22125,0.0415228,4
22127,0.0117353,4
23001,0.0248578,0
23003,0.0233266,0
23005,0.0283328,0
23007,0.043315,0
23009,0.0293519,0
23011,0.0198059,0
23013,0.0265518,0
23015,0.0269599,0
23017,0.0314758,0
23019,0.0245321,0
23021,0.0334153,0
23023,0.0279326,0
23025,0.0322642,0
23027,0.0278571,0
23029,0.0242305,0
23031,0.027604,0
24001,0.0183253,1
24003,0.0243644,1
24005,0.0231794,1
24009,0.0277223,1
24011,0.0191487,1
24013,0.0206905,1
24015,0.0215632,1
24017,0.0224225,1
24019,0.0202998,1
24021,0.0229699,1
24023,0.0259757,1
24025,0.0199181,1
24027,0.0261536,1
24029,0.0212484,1
24031,0.026653,1
24033,0.026859,1
24035,0.0188226,1
24037,0.0196818,1
24039,0.0178022,1
24041,0.0158889,1
24043,0.0201762,1
24045,0.022601,1
24047,0.0470812,1
24510,0.03101,1
25001,0.0331133,0
25003,0.0204481,0
25005,0.0179725,0
25007,0.0539657,0
25009,0.0202379,0
25011,0.0220363,0
25013,0.0178048,0
25015,0.0183964,0
25017,0.0229437,0
25019,0.0698266,0
25021,0.02101,0
25023,0.0226321,0
25025,0.0314541,0
25027,0.0175186,0
26001,0.0259825,0
26003,0.0288585,0
26005,0.0213212,0
26007,0.0258621,0
26009,0.0438851,0
26011,0.0254215,0
26013,0.0237541,0
26015,0.0178758,0
26017,0.0266969,0
26019,0.0383473,0
26021,0.0246225,0
26023,0.0205527,0
26025,0.023917,0
26027,0.0187986,0
26029,0.0440692,0
26031,0.0319221,0
26033,0.0263034,0
26035,0.0307061,0
26037,0.0181045,0
26039,0.0331392,0
26041,0.0237436,0
26043,0.026138,0
26045,0.0194849,0
26047,0.037301,0
26049,0.0250519,0
26051,0.027842,0
26053,0.0218144,0
26055,0.0324459,0
26057,0.0229292,0
26059,0.0186097,0
26061,0.019824,0
26063,0.0326834,0
26065,0.0352754,0
26067,0.0213906,0
26069,0.0323965,0
26071,0.0291504,0
26073,0.0230084,0
26075,0.0210035,0
26077,0.0269746,0
26079,0.0313375,0
26081,0.0275158,0
26083,0.013108,0
26085,0.0308328,0
26087,0.0210501,0
26089,0.0277441,0
26091,0.0237244,0
26093,0.023925,0
26095,0.026201,0
26097,0.0401992,0
26099,0.0283663,0
26101,0.0317046,0
26103,0.0242915,0
26105,0.0366139,0
26107,0.0315326,0
26109,0.0215544,0
26111,0.0342611,0
26113,0.0280086,0
26115,0.0316455,0
26117,0.0271347,0
26119,0.0247064,0
26121,0.023983,0
26123,0.0262143,0
26125,0.027052,0
26127,0.0251665,0
26129,0.0284729,0
26131,0.025317,0
26133,0.0343751,0
26135,0.0292546,0
26137,0.0397613,0
26139,0.0269482,0
26141,0.0260765,0
26143,0.0402111,0
26145,0.022147,0
26147,0.0284017,0
26149,0.0221078,0
26151,0.0244241,0
26153,0.0255327,0
26155,0.0200941,0
26157,0.0238912,0
26159,0.0257024,0
26161,0.0328549,0
26163,0.0315146,0
26165,0.0232451,0
27001,0.0303831,2.5
27003,0.0216597,2.5
27005,0.018242,2.5
27007,0.0203961,2.5
27009,0.0148518,2.5
27011,0.0160804,2.5
27013,0.0258977,2.5
27015,0.0155538,2.5
27017,0.0204122,2.5
27019,0.0246716,2.5
27021,0.0366427,2.5
27023,0.0158459,2.5
27025,0.0168832,2.5
27027,0.0157785,2.5
27029,0.0251386,2.5
27031,0.0375677,2.5
27033,0.0239177,2.5
27035,0.0238293,2.5
27037,0.0201412,2.5
27039,0.0157066,2.5
27041,0.0199847,2.5
27043,0.0186499,2.5
27045,0.014212,2.5
27047,0.0176351,2.5
27049,0.0290532,2.5
27051,0.0207294,2.5
27053,0.0274361,2.5
27055,0.0115433,2.5
27057,0.0241599,2.5
27059,0.0137283,2.5
27061,0.0281977,2.5
27063,0.020886,2.5
27065,0.0166999,2.5
27067,0.017629,2.5
27069,0.033663,2.5
27071,0.017592,2.5
27073,0.0157775,2.5
27075,0.0210116,2.5
27077,0.0239482,2.5
27079,0.0159349,2.5
27081,0.0215901,2.5
27083,0.0196269,2.5
27085,0.0141566,2.5
27087,0.0198802,2.5
27089,0.0262313,2.5
27091,0.0210945,2.5
27093,0.0167677,2.5
27095,0.0230238,2.5
27097,0.0171972,2.5
27099,0.0168378,2.5
27101,0.0174589,2.5
27103,0.0132046,2.5
27105,0.0187856,2.5
27107,0.0278014,2.5
27109,0.0213932,2.5
27111,0.0176342,2.5
27113,0.0173011,2.5
27115,0.0229524,2.5
27117,0.0214941,2.5
27119,0.0204216,2.5
27121,0.0179037,2.5
27123,0.0329867,2.5
27125,0.02481,2.5
27127,0.0219034,2.5
27129,0.0193337,2.5
27131,0.0181732,2.5
27133,0.019169,2.5
27135,0.0201329,2.5
27137,0.0206993,2.5
27139,0.0193812,2.5
27141,0.0269907,2.5
27143,0.0164736,2.5
27145,0.0234721,2.5
27147,0.0168524,2.5
27149,0.0220314,2.5
27151,0.0212697,2.5
27153,0.0162013,2.5
27155,0.0218098,2.5
27157,0.0141779,2.5
27159,0.0180446,2.5
27161,0.0190729,2.5
27163,0.0193837,2.5
27165,0.021498,2.5
27167,0.0254464,2.5
27169,0.0163874,2.5
27171,0.020912,2.5
27173,0.0177267,2.5
28001,0.0162106,0
28003,0.0136105,0
28005,0.0101842,0
28007,0.0159402,0
28009,0.0109979,0
28011,0.0187995,0
28013,0.0134956,0
28015,0.0141056,0
28017,0.0119587,0
28019,0.0098506,0
28021,0.0139989,0
28023,0.014353,0
28025,0.0141561,0
28027,0.0171703,0
28029,0.015527,0
28031,0.0130111,0
28033,0.0102368,0
28035,0.0191489,0
28037,0.015164,0
28039,0.0158926,0
28041,0.0159495,0
28043,0.0147825,0
28045,0.0174123,0
28047,0.0210211,0
28049,0.0198044,0
28051,0.0166741,0
28053,0.0144046,0
28055,0.0081614,0
28057,0.0134374,0
28059,0.0252951,0
28061,0.0121172,0
28063,0.0197484,0
28065,0.0114549,0
28067,0.0134982,0
28069,0.0164526,0
28071,0.0147592,0
28073,0.0095431,0
28075,0.0148331,0
28077,0.0170204,0
28079,0.0116856,0
28081,0.0143742,0
28083,0.0175567,0
28085,0.0179091,0
28087,0.0131086,0
28089,0.0114922,0
28091,0.010613,0
28093,0.0127658,0
28095,0.0106616,0
28097,0.0160206,0
28099,0.0100968,0
28101,0.011523,0
28103,0.0116118,0
28105,0.0132189,0
28107,0.0145446,0
28109,0.015408,0
28111,0.0095043,0
28113,0.0145875,0
28115,0.0088871,0
28117,0.0120763,0
28119,0.0204463,0
28121,0.0119632,0
28123,0.0119677,0
28125,0.0218352,0
28127,0.0117117,0
28129,0.0098857,0
28131,0.044568,0
28133,0.0174362,0
28135,0.0155353,0
28137,0.0158269,0
28139,0.0103844,0
28141,0.0092321,0
28143,0.0164646,0
28145,0.0084671,0
28147,0.0109408,0
28149,0.0193372,0
28151,0.0165438,0
28153,0.012084,0
28155,0.0104529,0
28157,0.0152649,0
28159,0.008952,0
28161,0.0124028,0
28163,0.0167676,0
29001,0.0174559,0
29003,0.0091505,0
29005,0.0193753,0
29007,0.015638,0
29009,0.0133089,0
29011,0.0129842,0
29013,0.0102234,0
29015,0.0129204,0
29017,0.006269,0
29019,0.0249451,0
29021,0.0220094,0
29023,0.0135275,0
29025,0.0111593,0
29027,0.0156178,0
29029,0.0192925,0
29031,0.0181336,0
29033,0.0133763,0
29035,0.0077914,0
29037,0.0151658,0
29039,0.0090743,0
29041,0.0129759,0
29043,0.0093293,0
29045,0.0131286,0
29047,0.0204327,0
29049,0.0129653,0
29051,0.0177803,0
29053,0.0115343,0
29055,0.0082449,0
29057,0.0115613,0
29059,0.0077231,0
29061,0.0144359,0
29063,0.0118556,0
29065,0.0093494,0
29067,0.0044737,0
29069,0.0108334,0
29071,0.0149516,0
29073,0.0143449,0
29075,0.0145464,0
29077,0.0176051,0
29079,0.0138763,0
29081,0.0176027,0
29083,0.0134394,0
29085,0.0110803,0
29087,0.0141606,0
29089,0.0142632,0
29091,0.0091318,0
29093,0.0199339,0
29095,0.0346367,0
29097,0.017245,0
29099,0.0134462,0
29101,0.0140735,0
29103,0.0148411,0
29105,0.012008,0
29107,0.0100895,0
29109,0.0134299,0
29111,0.0086379,0
29113,0.0091646,0
29115,0.0156314,0
29117,0.0144214,0
29119,0.0078454,0
29121,0.0143338,0
29123,0.008286,0
29125,0.0111983,0
29127,0.0180314,0
29129,0.0181236,0
29131,0.0174914,0
29133,0.0154323,0
29135,0.0085632,0
29137,0.0148904,0
29139,0.011437,0
29141,0.0104013,0
29143,0.0161607,0
29145,0.0084545,0
29147,0.0207962,0
29149,0.008427,0
29151,0.0127506,0
29153,0.0098354,0
29155,0.0105739,0
29157,0.0128331,0
29159,0.0163721,0
29161,0.0119383,0
29163,0.0154796,0
29165,0.0137468,0
29167,0.009056,0
29169,0.0065427,0
29171,0.0133198,0
29173,0.0056345,0
29175,0.021132,0
29177,0.013027,0
29179,0.0157407,0
29181,0.0079415,0
29183,0.0207002,0
29185,0.0097115,0
29186,0.011012,0
29187,0.0123242,0
29189,0.0216263,0
29195,0.0148993,0
29197,0.0093955,0
29199,0.0128862,0
29201,0.0134449,0
29203,0.0044541,0
29205,0.0147135,0
29207,0.0184687,0
29209,0.0098854,0
29211,0.0123061,0
29213,0.0191661,0
29215,0.007295,0
29217,0.0139308,0
29219,0.0126881,0
29221,0.0102698,0
29223,0.0058137,0
29225,0.0083253,0
29227,0.0116667,0
29229,0.0098311,0
29510,0.0401835,0
30001,0.0269722,0
30003,0.0540034,0
30005,0.0316907,0
30007,0.0455042,0
30009,0.0251313,0
30011,0.0707509,0
30013,0.0176998,0
30015,0.0467163,0
30017,0.0225384,0
30019,0.0331016,0
30021,0.0300012,0
30023,0.0192188,0
30025,0.0412325,0
30027,0.0227967,0
30029,0.0205167,0
30031,0.0197245,0
30033,0.0350178,0
30035,0.0244307,0
30037,0.0519763,0
30039,0.0678831,0
30041,0.0196723,0
30043,0.0417347,0
30045,0.0273823,0
30047,0.0179674,0
30049,0.0259545,0
30051,0.0499205,0
30053,0.0254041,0
30055,0.0453321,0
30057,0.032322,0
30059,0.040109,0
30061,0.0641675,0
30063,0.0254808,0
30065,0.0234741,0
30067,0.017415,0
30069,0.0502694,0
30071,0.0326688,0
30073,0.0303706,0
30075,0.0585474,0
30077,0.0424118,0
30079,0.0356677,0
30081,0.0169208,0
30083,0.0263232,0
30085,0.0286326,0
30087,0.0578277,0
30089,0.0307013,0
30091,0.0279083,0
30093,0.027596,0
30095,0.0257447,0
30097,0.0254951,0
30099,0.0255928,0
30101,0.0316158,0
30103,0.0437272,0
30105,0.0395871,0
30107,0.043088,0
30109,0.0329723,0
30111,0.0196813,0
31001,0.0401725,1.72
31003,0.0294353,1.72
31005,0.085565,1.72
31007,0.0609209,1.72
31009,0.0512058,1.72
31011,0.0276944,1.72
31013,0.0174091,1.72
31015,0.0229292,1.72
31017,0.0256147,1.72
31019,0.0226235,1.72
31021,0.0322162,1.72
31023,0.0247133,1.72
31025,0.0200167,1.72
31027,0.0240336,1.72
31029,0.0477895,1.72
31031,0.027741,1.72
31033,0.0346632,1.72
31035,0.0407593,1.72
31037,0.023509,1.72
31039,0.0282468,1.72
31041,0.0287814,1.72
31043,0.0178879,1.72
31045,0.021612,1.72
31047,0.0250481,1.72
31049,0.0439004,1.72
31051,0.0322014,1.72
31053,0.0230442,1.72
31055,0.028161,1.72
31057,0.0375607,1.72
31059,0.0310481,1.72
31061,0.033326,1.72
31063,0.0546838,1.72
31065,0.037908,1.72
31067,0.0232895,1.72
31069,0.0405045,1.72
31071,0.0218789,1.72
31073,0.0312282,1.72
31075,0.0723309,1.72
31077,0.0388587,1.72
31079,0.0247317,1.72
31081,0.0336009,1.72
31083,0.037129,1.72
31085,0.0333297,1.72
31087,0.0309843,1.72
31089,0.0218785,1.72
31091,0.0473133,1.72
31093,0.0273588,1.72
31095,0.0318686,1.72
31097,0.0281601,1.72
31099,0.0352687,1.72
31101,0.0305037,1.72
31103,0.0422258,1.72
31105,0.0346096,1.72
31107,0.0267285,1.72
31109,0.0273196,1.72
31111,0.0326332,1.72
31113,0.0484383,1.72
31115,0.0609508,1.72
31117,0.0310436,1.72
31119,0.0271533,1.72
31121,0.0289838,1.72
31123,0.0336075,1.72
31125,0.026315,1.72
31127,0.0227145,1.72
31129,0.0275489,1.72
31131,0.0242264,1.72
31133,0.0364231,1.72
31135,0.05012,1.72
31137,0.0260693,1.72
31139,0.0239973,1.72
31141,0.0207708,1.72
31143,0.0364365,1.72
31145,0.0221345,1.72
31147,0.023824,1.72
31149,0.0383239,1.72
31151,0.0281396,1.72
31153,0.0161555,1.72
31155,0.0176666,1.72
31157,0.0250931,1.72
31159,0.0335871,1.72
31161,0.0206583,1.72
31163,0.0250982,1.72
31165,0.0259358,1.72
31167,0.0130227,1.72
31169,0.0369868,1.72
31171,0.0515648,1.72
31173,0.0159363,1.72
31175,0.028343,1.72
31177,0.0203939,1.72
31179,0.0276506,1.72
31181,0.0301771,1.72
31183,0.0481142,1.72
31185,0.0296673,1.72
32001,0.0150043,0
32003,0.0203404,0
32005,0.0239313,0
32007,0.0161306,0
32009,0.0215244,0
32011,0.1591331,0
32013,0.0320479,0
32015,0.0382572,0
32017,0.0126661,0
32019,0.017429,0
32021,0.017635,0
32023,0.0283252,0
32027,0.0276805,0
32029,0.0257898,0
32031,0.021289,0
32033,0.0212604,0
32510,0.0135842,0
33001,0.0498726,0
33003,0.055061,0
33005,0.0418435,0
33007,0.0382864,0
33009,0.0510482,0
33011,0.0319404,0
33013,0.034005,0
33015,0.0331997,0
33017,0.0338799,0
33019,0.0365405,0
34001,0.0469338,7.22
34003,0.0304743,7.22
34005,0.0297475,7.22
34007,0.028538,7.22
34009,0.0513204,7.22
34011,0.0247419,7.22
34013,0.0312384,7.22
34015,0.0273047,7.22
34017,0.0285303,7.22
34019,0.0303331,7.22
34021,0.0301661,7.22
34023,0.0320261,7.22
34025,0.0320046,7.22
34027,0.031438,7.22
34029,0.0299007,7.22
34031,0.0281884,7.22
34033,0.0241706,7.22
34035,0.0323418,7.22
34037,0.0306526,7.22
34039,0.0297919,7.22
34041,0.0329427,7.22
35001,0.0148035,0
35003,0.0148286,0
35005,0.0112757,0
35006,0.0110101,0
35007,0.0242916,0
35009,0.0125176,0
35011,0.0078401,0
35013,0.014113,0
35015,0.0132713,0
35017,0.0169126,0
35019,0.0226517,0
35021,0.0153755,0
35023,0.0129587,0
35025,0.0167309,0
35027,0.030198,0
35028,0.0092732,0
35029,0.0127006,0
35031,0.0167651,0
35033,0.0128144,0
35035,0.0089188,0
35037,0.0142694,0
35039,0.013978,0
35041,0.011679,0
35043,0.0070123,0
35045,0.022096,0
35047,0.0136588,0
35049,0.0134721,0
35051,0.0101986,0
35053,0.0093793,0
35055,0.0190604,0
35057,0.0214479,0
35059,0.0133571,0
35061,0.0093107,0
36001,0.034741,0
36003,0.0389219,0
36005,0,0
36007,0.0350039,0
36009,0.0366107,0
36011,0.029122,0
36013,0.0376228,0
36015,0.0309273,0
36017,0.0332112,0
36019,0.0327624,0
36021,0.0338479,0
36023,0.0363038,0
36025,0.0447504,0
36027,0.0368313,0
36029,0.0389376,0
36031,0.0573746,0
36033,0.0424932,0
36035,0.0362672,0
36037,0.0323902,0
36039,0.0474371,0
36041,0.1207292,0
36043,0.0345597,0
36045,0.0340095,0
36047,0,0
36049,0.0342607,0
36051,0.0308651,0
36053,0.0318839,0
36055,0.0366073,0
36057,0.0311369,0
36059,0.044474,0
36061,0.0385076,0
36063,0.0364376,0
36065,0.0313134,0
36067,0.0373125,0
36069,0.0343714,0
36071,0.0349646,0
36073,0.0298903,0
36075,0.0494253,0
36077,0.0344514,0
36079,0.0396461,0
36081,0,0
36083,0.0297089,0
36085,0,0
36087,0.0422253,0
36089,0.0369141,0
36091,0.0302588,0
36093,0.0315235,0
36095,0.0381502,0
36097,0.0341904,0
36099,0.02955,0
36101,0.0325049,0
36103,0.0464876,0
36105,0.0622525,0
36107,0.0259053,0
36109,0.0389524,0
36111,0.0423279,0
36113,0.0437795,0
36115,0.0327898,0
36117,0.0322237,0
36119,0.0389564,0
36121,0.0300314,0
36123,0.0383913,0
37001,0.014377,1
37003,0.0098339,1
37005,0.0173669,1
37007,0.0167332,1
37009,0.0152053,1
37011,0.0197206,1
37013,0.01602,1
37015,0.0147877,1
37017,0.0186871,1
37019,0.0295936,1
37021,0.0194528,1
37023,0.0144352,1
37025,0.0153755,1
37027,0.0145708,1
37029,0.0149998,1
37031,0.0195161,1
37033,0.012097,1
37035,0.016439,1
37037,0.0134119,1
37039,0.0147269,1
37041,0.0148838,1
37043,0.0149362,1
37045,0.0144707,1
37047,0.0161257,1
37049,0.0153456,1
37051,0.0162384,1
37053,0.0309681,1
37055,0.046135,1
37057,0.0127766,1
37059,0.010609,1
37061,0.0172883,1
37063,0.0262252,1
37065,0.016134,1
37067,0.0202097,1
37069,0.014326,1
37071,0.0169545,1
37073,0.0108549,1
37075,0.016459,1
37077,0.016118,1
37079,0.0141206,1
37081,0.0222535,1
37083,0.018006,1
37085,0.0153301,1
37087,0.0189468,1
37089,0.0142042,1
37091,0.0202042,1
37093,0.0159183,1
37095,0.0240165,1
37097,0.0143105,1
37099,0.016303,1
37101,0.0166068,1
37103,0.014619,1
37105,0.0197113,1
37107,0.018324,1
37109,0.0083191,1
37111,0.0144426,1
37113,0.0198781,1
37115,0.0142352,1
37117,0.0211744,1
37119,0.0238911,1
37121,0.0143348,1
37123,0.0160656,1
37125,0.0133267,1
37127,0.0170854,1
37129,0.023152,1
37131,0.0189924,1
37133,0.0166587,1
37135,0.0212334,1
37137,0.0159922,1
37139,0.0154282,1
37141,0.0169144,1
37143,0.0134838,1
37145,0.0188554,1
37147,0.017883,1
37149,0.012,1
37151,0.0131014,1
37153,0.016074,1
37155,0.0173532,1
37157,0.0153872,1
37159,0.0127518,1
37161,0.0150833,1
37163,0.0182948,1
37165,0.0165812,1
37167,0.0147107,1
37169,0.0126136,1
37171,0.0152477,1
37173,0.0125379,1
37175,0.0162528,1
37177,0.0285723,1
37179,0.0151524,1
37181,0.0156163,1
37183,0.0230494,1
37185,0.0185632,1
37187,0.0165184,1
37189,0.0249251,1
37191,0.0152071,1
37193,0.013059,1
37195,0.0172152,1
37197,0.0118376,1
37199,0.0134897,1
38001,0.0222978,3.44
38003,0.0195045,3.44
38005,0.0229825,3.44
38007,0.0306836,3.44
38009,0.0181549,3.44
38011,0.020436,3.44
38013,0.0209255,3.44
38015,0.0203789,3.44
38017,0.0212505,3.44
38019,0.0258567,3.44
38021,0.0215418,3.44
38023,0.0193049,3.44
38025,0.0238005,3.44
38027,0.0204018,3.44
38029,0.0256396,3.44
38031,0.0246729,3.44
38033,0.0189717,3.44
38035,0.0207488,3.44
38037,0.0226879,3.44
38039,0.0254211,3.44
38041,0.0260282,3.44
38043,0.0231399,3.44
38045,0.0279657,3.44
38047,0.0180726,3.44
38049,0.0213388,3.44
38051,0.0197763,3.44
38053,0.0227635,3.44
38055,0.0135505,3.44
38057,0.0110685,3.44
38059,0.0209665,3.44
38061,0.0170193,3.44
38063,0.0308454,3.44
38065,0.0136886,3.44
38067,0.0254008,3.44
38069,0.023702,3.44
38071,0.0198831,3.44
38073,0.018995,3.44
38075,0.0229725,3.44
38077,0.020527,3.44
38079,0.0111073,3.44
38081,0.0226852,3.44
38083,0.0230909,3.44
38085,0.010939,3.44
38087,0.0169949,3.44
38089,0.0180132,3.44
38091,0.0295796,3.44
38093,0.0182476,3.44
38095,0.0285009,3.44
38097,0.0282858,3.44
38099,0.0243014,3.44
38101,0.0176009,3.44
38103,0.0210595,3.44
38105,0.0187593,3.44
39001,0.0363771,2.66
39003,0.022793,2.66
39005,0.0210972,2.66
39007,0.0227693,2.66
39009,0.028919,2.66
39011,0.0163441,2.66
39013,0.0175124,2.66
39015,0.0137093,2.66
39017,0.01954,2.66
39019,0.0173806,2.66
39021,0.0159123,2.66
39023,0.0215632,2.66
39025,0.0183114,2.66
39027,0.0207053,2.66
39029,0.0147518,2.66
39031,0.0290384,2.66
39033,0.0202352,2.66
39035,0.0354457,2.66
39037,0.0178927,2.66
39039,0.0186347,2.66
39041,0.0184911,2.66
39043,0.0279205,2.66
39045,0.0191522,2.66
39047,0.0176975,2.66
39049,0.0333945,2.66
39051,0.024509,2.66
39053,0.0273719,2.66
39055,0.0188827,2.66
39057,0.0196637,2.66
39059,0.0196438,2.66
39061,0.0287404,2.66
39063,0.0207418,2.66
39065,0.0164004,2.66
39067,0.0211286,2.66
39069,0.0230438,2.66
39071,0.0168882,2.66
39073,0.0162554,2.66
39075,0.0169723,2.66
39077,0.0207836,2.66
39079,0.0116284,2.66
39081,0.0236611,2.66
39083,0.0234016,2.66
39085,0.0317225,2.66
39087,0.0145396,2.66
39089,0.0202964,2.66
39091,0.0219092,2.66
39093,0.0250227,2.66
39095,0.0288277,2.66
39097,0.0219547,2.66
39099,0.0206824,2.66
39101,0.0225475,2.66
39103,0.0214956,2.66
39105,0.0177618,2.66
39107,0.0209276,2.66
39109,0.0209776,2.66
39111,0.0327126,2.66
39113,0.0286517,2.66
39115,0.0178024,2.66
39117,0.0170712,2.66
39119,0.0193882,2.66
39121,0.0202459,2.66
39123,0.0279725,2.66
39125,0.0173532,2.66
39127,0.0149373,2.66
39129,0.0218091,2.66
39131,0.0163268,2.66
39133,0.0243545,2.66
39135,0.0180822,2.66
39137,0.0150809,2.66
39139,0.0239185,2.66
39141,0.0235084,2.66
39143,0.021504,2.66
39145,0.0184173,2.66
39147,0.0216793,2.66
39149,0.0218903,2.66
39151,0.0210397,2.66
39153,0.0274627,2.66
39155,0.0187873,2.66
39157,0.0205053,2.66
39159,0.0247675,2.66
39161,0.0195538,2.66
39163,0.0133163,2.66
39165,0.0184506,2.66
39167,0.0234593,2.66
39169,0.0222163,2.66
39171,0.0237975,2.66
39173,0.027756,2.66
39175,0.0163802,2.66
40001,0.0087657,0
40003,0.0175721,0
40005,0.015472,0
40007,0.0204843,0
40009,0.0170953,0
40011,0.0132395,0
40013,0.0123617,0
40015,0.0126829,0
40017,0.0125134,0
40019,0.016412,0
40021,0.0093775,0
40023,0.0126082,0
40025,0.020103,0
40027,0.0127561,0
40029,0.072761,0
40031,0.0160264,0
40033,0.0113703,0
40035,0.0168748,0
40037,0.0117353,0
40039,0.021083,0
40041,0.0108741,0
40043,0.0160915,0
40045,0.0264375,0
40047,0.0193422,0
40049,0.0130078,0
40051,0.0119893,0
40053,0.0144849,0
40055,0.0177251,0
40057,0.0201419,0
40059,0.0205848,0
40061,0.009405,0
40063,0.0111215,0
40065,0.0112379,0
40067,0.0151414,0
40069,0.0102387,0
40071,0.0138267,0
40073,0.0182676,0
40075,0.0126571,0
40077,0.0274375,0
40079,0.0095982,0
40081,0.0105123,0
40083,0.0095045,0
40085,0.0089214,0
40087,0.0143059,0
40089,0.012742,0
40091,0.0104273,0
40093,0.0138855,0
40095,0.0129981,0
40097,0.0115239,0
40099,0.0126544,0
40101,0.0183655,0
40103,0.0208452,0
40105,0.0090989,0
40107,0.0098262,0
40109,0.0189549,0
40111,0.0122806,0
40113,0.0060601,0
40115,0.0154828,0
40117,0.0082823,0
40119,0.0163764,0
40121,0.0170341,0
40123,0.0147357,0
40125,0.0140178,0
40127,0.0111589,0
40129,0.0142048,0
40131,0.0123593,0
40133,0.0122068,0
40135,0.0092624,0
40137,0.0103005,0
40139,0.0162999,0
40141,0.0108724,0
40143,0.0190616,0
40145,0.0057934,0
40147,0.0131042,0
40149,0.0149662,0
40151,0.0207153,0
40153,0.0180414,0
41001,0.0266513,0
41003,0.0289701,0
41005,0.025596,0
41007,0.0289856,0
41009,0.0353489,0
41011,0.0304251,0
41013,0.0206661,0
41015,0.0184,0
41017,0.0310947,0
41019,0.0274215,0
41021,0.0502303,0
41023,0.0129667,0
41025,0.0376632,0
41027,0.0319091,0
41029,0.0257615,0
41031,0.0277342,0
41033,0.0190556,0
41035,0.0259263,0
41037,0.0249185,0
41039,0.0286404,0
41041,0.0388298,0
41043,0.0289476,0
41045,0.0255395,0
41047,0.0287413,0
41049,0.0510935,0
41051,0.0419473,0
41053,0.0135873,0
41055,0.0463721,0
41057,0.027298,0
41059,0.0259953,0
41061,0.0241613,0
41063,0.016023,0
41065,0.0283477,0
41067,0.0299414,0
41069,0.003711,0
41071,0.0243372,0
42001,0.0206849,0
42003,0.0300464,0
42005,0.0227015,0
42007,0.0200421,0
42009,0.0161086,0
42011,0.0232238,0
42013,0.0180676,0
42015,0.0194597,0
42017,0.0237857,0
42019,0.0198301,0
42021,0.0181334,0
42023,0.0220499,0
42025,0.0189007,0
42027,0.0228216,0
42029,0.0206081,0
42031,0.0212657,0
42033,0.0193645,0
42035,0.0216599,0
42037,0.021663,0
42039,0.0185429,0
42041,0.0223918,0
42043,0.0243017,0
42045,0.020939,0
42047,0.0200155,0
42049,0.0207273,0
42051,0.0133991,0
42053,0.0384899,0
42055,0.0150585,0
42057,0.0180091,0
42059,0.0264573,0
42061,0.0164456,0
42063,0.0205267,0
42065,0.0165432,0
42067,0.0106055,0
42069,0.0213284,0
42071,0.0202264,0
42073,0.0180311,0
42075,0.0184199,0
42077,0.0238092,0
42079,0.0192396,0
42081,0.0211482,0
42083,0.0188008,0
42085,0.018072,0
42087,0.0154176,0
42089,0.0331087,0
42091,0.0206744,0
42093,0.0169376,0
42095,0.0239332,0
42097,0.0143119,0
42099,0.0180664,0
42101,0.0427273,0
42103,0.0267329,0
42105,0.0221457,0
42107,0.016174,0
42109,0.0194471,0
42111,0.017643,0
42113,0.0318604,0
42115,0.0184762,0
42117,0.0213477,0
42119,0.0195836,0
42121,0.0199611,0
42123,0.0196715,0
42125,0.0189278,0
42127,0.0344697,0
42129,0.0198991,0
42131,0.0210741,0
42133,0.0188517,0
44001,0.0226423,6.15
44003,0.0286809,6.15
44005,0.0279782,6.15
44007,0.0281726,6.15
44009,0.0324025,6.15
45001,0.013361,0
45003,0.0145324,0
45005,0.0299375,0
45007,0.0118916,0
45009,0.0155289,0
45011,0.0137384,0
45013,0.0244709,0
45015,0.0130745,0
45017,0.02109,0
45019,0.0256866,0
45021,0.0177303,0
45023,0.0182956,0
45025,0.0167074,0
45027,0.0120458,0
45029,0.0110043,0
45031,0.0189559,0
45033,0.0119532,0
45035,0.0154405,0
45037,0.0129883,0
45039,0.0414719,0
45041,0.0140548,0
45043,0.0282646,0
45045,0.0158674,0
45047,0.0068872,0
45049,0.0248939,0
45051,0.0287378,0
45053,0.0222151,0
45055,0.0167534,0
45057,0.0124011,0
45059,0.0110274,0
45061,0.015697,0
45063,0.0204978,0
45065,0.0179962,0
45067,0.0182391,0
45069,0.0255442,0
45071,0.0131977,0
45073,0.0157355,0
45075,0.0202841,0
45077,0.0145823,0
45079,0.0142669,0
45081,0.0113809,0
45083,0.01931,0
45085,0.0157994,0
45087,0.0131012,0
45089,0.0157469,0
45091,0.0169347,0
46003,0.0367892,0
46005,0.0244584,0
46007,0.028339,0
46009,0.0291855,0
46011,0.0315256,0
46013,0.0284555,0
46015,0.0263378,0
46017,0.0060374,0
46019,0.0278245,0
46021,0.0342154,0
46023,0.0228617,0
46025,0.030167,0
46027,0.0302315,0
46029,0.0268339,0
46031,0.0219847,0
46033,0.0301243,0
46035,0.0295697,0
46037,0.0273173,0
46039,0.0240073,0
46041,0.0147691,0
46043,0.0296073,0
46045,0.0343602,0
46047,0.0252754,0
46049,0.0381971,0
46051,0.0322772,0
46053,0.025284,0
46055,0.0337811,0
46057,0.0303441,0
46059,0.0357823,0
46061,0.0262066,0
46063,0.0370686,0
46065,0.0240671,0
46067,0.0314547,0
46069,0.032727,0
46071,0.0219238,0
46073,0.0340696,0
46075,0.0364305,0
46077,0.0299592,0
46079,0.0265888,0
46081,0.0306224,0
46083,0.018669,0
46085,0.0276085,0
46087,0.0274621,0
46089,0.0344895,0
46091,0.0295703,0
46093,0.0216964,0
46095,0.0274349,0
46097,0.0273458,0
46099,0.029159,0
46101,0.0208387,0
46103,0.0298486,0
46105,0.0351554,0
46107,0.0298962,0
46109,0.0228763,0
46111,0.0270144,0
46113,0.004401,0
46115,0.033976,0
46117,0.0353916,0
46119,0.0432869,0
46121,0.0066298,0
46123,0.0285369,0
46125,0.0244714,0
46127,0.0302102,0
46129,0.0246855,0
46135,0.023047,0
46137,0.020065,0
47001,0.0170949,0
47003,0.0160913,0
47005,0.0131773,0
47007,0.0145186,0
47009,0.0192167,0
47011,0.0179084,0
47013,0.0188613,0
47015,0.011508,0
47017,0.0130154,0
47019,0.0139036,0
47021,0.0133054,0
47023,0.0176015,0
47025,0.0150918,0
47027,0.0126254,0
47029,0.0183843,0
47031,0.0205597,0
47033,0.0127499,0
47035,0.0211972,0
47037,0.0269023,0
47039,0.0114638,0
47041,0.0110569,0
47043,0.0193506,0
47045,0.0177657,0
47047,0.013337,0
47049,0.0264494,0
47051,0.0111927,0
47053,0.0182754,0
47055,0.0139806,0
47057,0.0106584,0
47059,0.0185599,0
47061,0.0141322,0
47063,0.0215316,0
47065,0.018698,0
47067,0.0094724,0
47069,0.0128636,0
47071,0.0141975,0
47073,0.0152875,0
47075,0.0196676,0
47077,0.0127625,0
47079,0.0172848,0
47081,0.0156999,0
47083,0.0162199,0
47085,0.0186537,0
47087,0.0136253,0
47089,0.0146992,0
47091,0.0178513,0
47093,0.0201431,0
47095,0.0169281,0
47097,0.0126411,0
47099,0.0160111,0
47101,0.0141568,0
47103,0.0130062,0
47105,0.0149977,0
47107,0.0163559,0
47109,0.0139924,0
47111,0.0154673,0
47113,0.0248937,0
47115,0.0144923,0
47117,0.0187585,0
47119,0.0200422,0
47121,0.0121713,0
47123,0.0147162,0
47125,0.0219605,0
47127,0.012678,0
47129,0.0191017,0
47131,0.0188148,0
47133,0.0148624,0
47135,0.0153871,0
47137,0.0118994,0
47139,0.0164819,0
47141,0.0179426,0
47143,0.0145396,0
47145,0.0158634,0
47147,0.0186164,0
47149,0.022215,0
47151,0.0166083,0
47153,0.0147478,0
47155,0.0363684,0
47157,0.0224114,0
47159,0.0130733,0
47161,0.0091727,0
47163,0.0267356,0
47165,0.0166037,0
47167,0.0163695,0
47169,0.0167519,0
47171,0.0130449,0
47173,0.0093033,0
47175,0.0172997,0
47177,0.0157252,0
47179,0.0212644,0
47181,0.0144044,0
47183,0.0147309,0
47185,0.0139291,0
47187,0.0186032,0
47189,0.0134205,0
48001,0.0251009,0
48003,0.06939,0
48005,0.0192937,0
48007,0.0256443,0
48009,0.0235057,0
48011,0.0164913,0
48013,0.0235628,0
48015,0.0236962,0
48017,0.0358471,0
48019,0.0210442,0
48021,0.0186028,0
48023,0.0208466,0
48025,0.0242801,0
48027,0.0203369,0
48029,0.0268432,0
48031,0.0408339,0
48033,0.0909311,0
48035,0.024623,0
48037,0.0203972,0
48039,0.0319358,0
48041,0.027591,0
48043,0.028161,0
48045,0.0294475,0
48047,0.0551219,0
48049,0.02591,0
48051,0.0313737,0
48053,0.0456259,0
48055,0.0235049,0
48057,0.0508969,0
48059,0.0142947,0
48061,0.0247396,0
48063,0.0237195,0
48065,0.0439016,0
48067,0.0197661,0
48069,0.028168,0
48071,0.0560438,0
48073,0.0179739,0
48075,0.0162286,0
48077,0.0174757,0
48079,0.077766,0
48081,0.0314969,0
48083,0.016022,0
48085,0.0263984,0
48087,0.0297049,0
48089,0.0216046,0
48091,0.0287839,0
48093,0.0161911,0
48095,0.033492,0
48097,0.0250463,0
48099,0.0139814,0
48101,0.0391572,0
48103,0.0734614,0
48105,0.079765,0
48107,0.0337444,0
48109,0.0594488,0
48111,0.0392099,0
48113,0.036048,0
48115,0.0353895,0
48117,0.0210926,0
48119,0.0137256,0
48121,0.0206868,0
48123,0.020794,0
48125,0.034749,0
48127,0.0461592,0
48129,0.0275872,0
48131,0.0615303,0
48133,0.0204118,0
48135,0.0353966,0
48137,0.061087,0
48139,0.0221451,0
48141,0.0265119,0
48143,0.029095,0
48145,0.0205024,0
48147,0.0198757,0
48149,0.0317607,0
48151,0.0491681,0
48153,0.0166293,0
48155,0.0256242,0
48157,0.025933,0
48159,0.0209009,0
48161,0.0311978,0
48163,0.0450606,0
48165,0.0686129,0
48167,0.041303,0
48169,0.0632694,0
48171,0.0192993,0
48173,0.0661588,0
48175,0.036945,0
48177,0.0253043,0
48179,0.0268392,0
48181,0.0214913,0
48183,0.0355626,0
48185,0.0259716,0
48187,0.0173127,0
48189,0.0190615,0
48191,0.0220246,0
48193,0.035385,0
48195,0.0505432,0
48197,0.0250333,0
48199,0.0168229,0
48201,0.0331813,0
48203,0.0264156,0
48205,0.0189266,0
48207,0.0241435,0
48209,0.0364703,0
48211,0.0594731,0
48213,0.020829,0
48215,0.0262264,0
48217,0.0291497,0
48219,0.0567755,0
48221,0.0264362,0
48223,0.0211416,0
48225,0.0164014,0
48227,0.0345614,0
48229,0.0422895,0
48231,0.0204295,0
48233,0.0276492,0
48235,0.0602731,0
48237,0.0320754,0
48239,0.0355833,0
48241,0.0202995,0
48243,0.0543725,0
48245,0.0344424,0
48247,0.0618927,0
48249,0.0314447,0
48251,0.0262066,0
48253,0.0236962,0
48255,0.0246546,0
48257,0.0199337,0
48259,0.0263983,0
48261,0.1081419,0
48263,0.147633,0
48265,0.0196696,0
48267,0.0226623,0
48269,0.1981752,0
48271,0.0486818,0
48273,0.031818,0
48275,0.0325119,0
48277,0.0224353,0
48279,0.0508252,0
48281,0.0149416,0
48283,0.0315045,0
48285,0.01512,0
48287,0.0343814,0
48289,0.0364068,0
48291,0.0308263,0
48293,0.0367169,0
48295,0.065602,0
48297,0.043464,0
48299,0.0159732,0
48301,0.2099066,0
48303,0.0284527,0
48305,0.0270787,0
48307,0.0194277,0
48309,0.022532,0
48311,0.1092903,0
48313,0.0302762,0
48315,0.0203516,0
48317,0.0482826,0
48319,0.0331973,0
48321,0.048556,0
48323,0.023874,0
48325,0.0172879,0
48327,0.0228865,0
48329,0.0251744,0
48331,0.031716,0
48333,0.013955,0
48335,0.0672708,0
48337,0.0169015,0
48339,0.0263807,0
48341,0.0433586,0
48343,0.0332817,0
48345,0.0266953,0
48347,0.0216783,0
48349,0.0238145,0
48351,0.025539,0
48353,0.0249239,0
48355,0.0327087,0
48357,0.0379386,0
48359,0.0344631,0
48361,0.0378008,0
48363,0.0240485,0
48365,0.0346787,0
48367,0.016056,0
48369,0.0231119,0
48371,0.0831434,0
48373,0.0238522,0
48375,0.0448972,0
48377,0.042871,0
48379,0.0259808,0
48381,0.0058897,0
48383,0.0508749,0
48385,0.040892,0
48387,0.0173662,0
48389,0.0393307,0
48391,0.0437072,0
48393,0.0564961,0
48395,0.0456308,0
48397,0.0444377,0
48399,0.0221457,0
48401,0.0379169,0
48403,0.0135167,0
48405,0.0156529,0
48407,0.0300061,0
48409,0.0270648,0
48411,0.0223553,0
48413,0.0383132,0
48415,0.0343373,0
48417,0.0228633,0
48419,0.016062,0
48421,0.0528205,0
48423,0.0218645,0
48425,0.0983696,0
48427,0.0466965,0
48429,0.0341663,0
48431,0.0770672,0
48433,0.0743737,0
48435,0.0603639,0
48437,0.0208422,0
48439,0.0277963,0
48441,0.0219893,0
48443,0.078715,0
48445,0.0382526,0
48447,0.0447561,0
48449,0.0221053,0
48451,0.0213487,0
48453,0.0336024,0
48455,0.0205961,0
48457,0.0217536,0
48459,0.0177925,0
48461,0.1217832,0
48463,0.02062,0
48465,0.0317519,0
48467,0.0186342,0
48469,0.0251248,0
48471,0.0250914,0
48473,0.0339538,0
48475,0.0588353,0
48477,0.0192167,0
48479,0.0356195,0
48481,0.0343911,0
48483,0.0485743,0
48485,0.0219622,0
48487,0.0359296,0
48489,0.0253109,0
48491,0.026105,0
48493,0.0146002,0
48495,0.0575769,0
48497,0.0223149,0
48499,0.0256211,0
48501,0.1057321,0
48503,0.0340031,0
48505,0.0837602,0
48507,0.0464053,0
49001,0.0227164,0
49003,0.0149435,0
49005,0.0156633,0
49007,0.0202954,0
49009,0.0619008,0
49011,0.0146453,0
49013,0.0424738,0
49015,0.0799503,0
49017,0.0266373,0
49019,0.0293907,0
49021,0.0277899,0
49023,0.024341,0
49025,0.0295692,0
49027,0.0695086,0
49029,0.0159402,0
49031,0.017713,0
49033,0.0437226,0
49035,0.0223949,0
49037,0.0473016,0
49039,0.0171725,0
49041,0.0204767,0
49043,0.0579179,0
49045,0.0184518,0
49047,0.0356174,0
49049,0.0179937,0
49051,0.0211984,0
49053,0.0214166,0
49055,0.018982,0
49057,0.0179091,0
50001,0.0346451,5.9
50003,0.028783,5.9
50005,0.0261386,5.9
50007,0.0305062,5.9
50009,0.0379482,5.9
50011,0.0200766,5.9
50013,0.0425877,5.9
50015,0.0370403,5.9
50017,0.0288531,5.9
50019,0.0257565,5.9
50021,0.0306759,5.9
50023,0.0286354,5.9
50025,0.0423779,5.9
50027,0.0328359,5.9
51001,0.0207618,0
51003,0.02195,0
51005,0.0202101,0
51007,0.015724,0
51009,0.0137674,0
51011,0.0133784,0
51013,0.0299485,0
51015,0.0138802,0
51017,0.0611593,0
51019,0.0108365,0
51021,0.0114378,0
51023,0.0153359,0
51025,0.016293,0
51027,0.0284675,0
51029,0.0131113,0
51031,0.0126785,0
51033,0.0177313,0
51035,0.0094677,0
51036,0.0213175,0
51037,0.0145906,0
51041,0.0227704,0
51043,0.0153809,0
51045,0.0104785,0
51047,0.022045,0
51049,0.0104608,0
51051,0.029868,0
51053,0.0140029,0
51057,0.0205485,0
51059,0.0281334,0
51061,0.0221287,0
51063,0.013954,0
51065,0.0142863,0
51067,0.0143194,0
51069,0.0189241,0
51071,0.0163401,0
51073,0.0182335,0
51075,0.0159457,0
51077,0.0126707,0
51079,0.0172773,0
51081,0.0184456,0
51083,0.0122164,0
51085,0.0191873,0
51087,0.0212668,0
51089,0.0148939,0
51091,0.0184899,0
51093,0.0252155,0
51095,0.0244026,0
51097,0.0163345,0
51099,0.0167042,0
51101,0.0231511,0
51103,0.0130562,0
51105,0.0139929,0
51107,0.0462219,0
51109,0.0251913,0
51111,0.0160232,0
51113,0.0145246,0
51115,0.015002,0
51117,0.013793,0
51119,0.0143155,0
51121,0.0202516,0
51125,0.0187525,0
51127,0.019126,0
51131,0.0174594,0
51133,0.0144946,0
51135,0.0138177,0
51137,0.0167035,0
51139,0.0105353,0
51141,0.011728,0
51143,0.0086132,0
51145,0.01434,0
51147,0.0224352,0
51149,0.0148137,0
51153,0.0298248,0
51155,0.0181185,0
51157,0.0151105,0
51159,0.0174554,0
51161,0.0205785,0
51163,0.0183463,0
51165,0.0165238,0
51167,0.0166814,0
51169,0.0127515,0
51171,0.0179517,0
51173,0.0146543,0
51175,0.0188111,0
51177,0.0208239,0
51179,0.0221205,0
51181,0.0511771,0
51183,0.0193229,0
51185,0.0161588,0
51187,0.0146305,0
51191,0.0158441,0
51193,0.0175012,0
51195,0.027574,0
51197,0.0213868,0
51199,0.0188931,0
51510,0.0344015,0
51515,0.0214236,0
51520,0.0266432,0
51530,0.020812,0
51540,0.0358249,0
51550,0.0309385,0
51560,0.0178248,0
51570,0.0258486,0
51580,0.0319884,0
51590,0.0167389,0
51595,0.0316846,0
51600,0.0398384,0
51610,0.0341023,0
51620,0.0256011,0
51630,0.0416057,0
51640,0.0280322,0
51650,0.0248263,0
51660,0.0333014,0
51670,0.029678,0
51678,0.0321048,0
51680,0.0289585,0
51683,0.0326248,0
51685,0.0345664,0
51690,0.0183649,0
51700,0.0271559,0
51710,0.0348129,0
51720,0.0339093,0
51730,0.0288179,0
51735,0.0164991,0
51740,0.0254576,0
51750,0.0199926,0
51760,0.0379028,0
51770,0.0303688,0
51775,0.0298602,0
51790,0.0212382,0
51800,0.0228376,0
51810,0.0275976,0
51820,0.0252753,0
51830,0.0637385,0
51840,0.0304453,0
53001,0.0186022,0
53003,0.0088923,0
53005,0.0139637,0
53007,0.0203706,0
53009,0.0148552,0
53011,0.0144846,0
53013,0.0163269,0
53015,0.019673,0
53017,0.0131195,0
53019,0.0139884,0
53021,0.0189044,0
53023,0.0180553,0
53025,0.0179208,0
53027,0.0178908,0
53029,0.0103741,0
53031,0.0166745,0
53033,0.0246461,0
53035,0.0139266,0
53037,0.0205171,0
53039,0.0148821,0
53041,0.0170622,0
53043,0.0212442,0
53045,0.0159381,0
53047,0.0145876,0
53049,0.0186072,0
53051,0.0203906,0
53053,0.0189647,0
53055,0.0182968,0
53057,0.0173397,0
53059,0.0079484,0
53061,0.0169011,0
53063,0.0166455,0
53065,0.0119003,0
53067,0.0186863,0
53069,0.0162269,0
53071,0.01562,0
53073,0.0212903,0
53075,0.0177165,0
53077,0.0141001,0
54001,0.0076712,2.5
54003,0.0109145,2.5
54005,0.0174738,2.5
54007,0.0096505,2.5
54009,0.0141045,2.5
54011,0.0175415,2.5
54013,0.011481,2.5
54015,0.0106889,2.5
54017,0.0146621,2.5
54019,0.0141505,2.5
54021,0.0185673,2.5
54023,0.0155082,2.5
54025,0.0083093,2.5
54027,0.0091216,2.5
54029,0.0163247,2.5
54031,0.009676,2.5
54033,0.0145221,2.5
54035,0.0144972,2.5
54037,0.0113477,2.5
54039,0.0173947,2.5
54041,0.0149066,2.5
54043,0.0095613,2.5
54045,0.0121618,2.5
54047,0.0119122,2.5
54049,0.0152697,2.5
54051,0.0174491,2.5
54053,0.0154883,2.5
54055,0.012916,2.5
54057,0.0110353,2.5
54059,0.0177918,2.5
54061,0.0159825,2.5
54063,0.0039861,2.5
54065,0.0094926,2.5
54067,0.0124846,2.5
54069,0.0138653,2.5
54071,0.006683,2.5
54073,0.0356891,2.5
54075,0.0115185,2.5
54077,0.0149222,2.5
54079,0.0128595,2.5
54081,0.0126367,2.5
54083,0.0079799,2.5
54085,0.0110636,2.5
54087,0.0107014,2.5
54089,0.0078115,2.5
54091,0.0127368,2.5
54093,0.0135009,2.5
54095,0.0167173,2.5
54097,0.0130308,2.5
54099,0.0116943,2.5
54101,0.0106735,2.5
54103,0.0147169,2.5
54105,0.0099484,2.5
54107,0.0128068,2.5
54109,0.0124066,2.5
55001,0.0299324,0.25
55003,0.024887,0.25
55005,0.0240187,0.25
55007,0.0341765,0.25
55009,0.0240431,0.25
55011,0.0221528,0.25
55013,0.0303924,0.25
55015,0.0145113,0.25
55017,0.0198776,0.25
55019,0.0211658,0.25
55021,0.0282567,0.25
55023,0.0221977,0.25
55025,0.0303036,0.25
55027,0.018034,0.25
55029,0.0356716,0.25
55031,0.0209073,0.25
55033,0.0237314,0.25
55035,0.0264248,0.25
55037,0.0326441,0.25
55039,0.0238714,0.25
55041,0.037563,0.25
55043,0.020833,0.25
55045,0.0229086,0.25
55047,0.0271893,0.25
55049,0.0279583,0.25
55051,0.0334829,0.25
55053,0.0227816,0.25
55055,0.0231451,0.25
55057,0.0241786,0.25
55059,0.0279223,0.25
55061,0.0211516,0.25
55063,0.0292107,0.25
55065,0.0295405,0.25
55067,0.0253117,0.25
55069,0.0227258,0.25
55071,0.0178306,0.25
55073,0.0217391,0.25
55075,0.0263824,0.25
55077,0.0288314,0.25
55078,0.0217605,0.25
55079,0.0284358,0.25
55081,0.0207229,0.25
55083,0.0209544,0.25
55085,0.0397517,0.25
55087,0.0237294,0.25
55089,0.0232119,0.25
55091,0.0272152,0.25
55093,0.0266489,0.25
55095,0.0242393,0.25
55097,0.0246464,0.25
55099,0.0223852,0.25
55101,0.0215111,0.25
55103,0.0199288,0.25
55105,0.0214685,0.25
55107,0.0215184,0.25
55109,0.0209657,0.25
55111,0.0263821,0.25
55113,0.036338,0.25
55115,0.0195026,0.25
55117,0.0256835,0.25
55119,0.0172256,0.25
55121,0.0256302,0.25
55123,0.0222533,0.25
55125,0.0358332,0.25
55127,0.0319591,0.25
55129,0.0404244,0.25
55131,0.0240925,0.25
55133,0.026761,0.25
55135,0.0250299,0.25
55137,0.0268134,0.25
55139,0.0229762,0.25
55141,0.0258806,0.25
56001,0.0131546,0
56003,0.028538,0
56005,0.0708937,0
56007,0.046421,0
56009,0.0378937,0
56011,0.0505803,0
56013,0.0212472,0
56015,0.0157416,0
56017,0.0396714,0
56019,0.0278633,0
56021,0.0139052,0
56023,0.0470039,0
56025,0.0177249,0
56027,0.0358005,0
56029,0.0317893,0
56031,0.0262914,0
56033,0.0147438,0
56035,0.0823823,0
56037,0.0510113,0
56039,0.0434957,0
56041,0.0561471,0
56043,0.0206406,0
56045,0.02531,0
